제품명,내용,옵션,작성자,작성일,조회수,변환된 내용
호주산 유칼립투스 꿀스틱 250개입 대용량 3kg,먹기 좋아요들고 다니면서 먹기 좋아요,옵션없음,kso******,2023.07.27,52,먹기 좋아요들고 다니면서 먹기 좋아요
호주산 유칼립투스 꿀스틱 250개입 대용량 3kg,달달하니생각보다 좋은데요 잘 받았어요,옵션없음,pro*****,2023.07.20,78,달달하니생각보다 좋은데요 잘 받았어요
호주산 유칼립투스 꿀스틱 250개입 대용량 3kg,꿀호주산 유칼립투스. 꿀스틱. 250개입. 대용량3킬로 ..,옵션없음,lee******,2023.07.17,88,꿀호주산 유칼립투스. 꿀스틱. 250개입. 대용량3킬로 ..
호주산 유칼립투스 꿀스틱 250개입 대용량 3kg,해와배송이라해외배송이라 일주일만에 받았구요 아이들 먹일려구 구매했어요 잘먹네요,옵션없음,mos****,2023.07.16,86,해와배송이라해외배송이라 일주일만에 받았구요 아이들 먹일려구 구매했어요 잘먹네요
호주산 유칼립투스 꿀스틱 250개입 대용량 3kg,간편하게 먹기 좋아요간편하게 먹기 좋아요간편하게 먹기 좋아요,옵션없음,sun******,2023.07.13,110,간편하게 먹기 좋아요간편하게 먹기 좋아요간편하게 먹기 좋아요
호주산 유칼립투스 꿀스틱 250개입 대용량 3kg,좋아요생각보다 작은 상자였는데 한번에 먹기 좋아요,옵션없음,rio****,2023.07.11,118,좋아요생각보다 작은 상자였는데 한번에 먹기 좋아요
호주산 유칼립투스 꿀스틱 250개입 대용량 3kg,굿맛도있고 먹기편해요,옵션없음,suc*******,2023.04.27,386,굿맛도있고 먹기편해요
호주산 유칼립투스 꿀스틱 250개입 대용량 3kg,맛있어요당땡길때 가지고 다니기 편하고 맛있어요,옵션없음,aus**,2023.04.25,382,맛있어요당땡길때 가지고 다니기 편하고 맛있어요
호주산 유칼립투스 꿀스틱 250개입 대용량 3kg,좋아요먹어보고 좋아서 또 구매했어요,옵션없음,dec*****,2023.04.12,424,좋아요먹어보고 좋아서 또 구매했어요
호주산 유칼립투스 꿀스틱 250개입 대용량 3kg,유칼립투스 꿀스틱향이 독특한 꿀이에요.,옵션없음,jim****,2023.04.11,411,유칼립투스 꿀스틱향이 독특한 꿀이에요.
호주산 유칼립투스 꿀스틱 250개입 대용량 3kg,상품상품도 좋고요 배송도 빠릅니다,옵션없음,tmd*******,2023.03.11,523,상품상품도 좋고요 배송도 빠릅니다
호주산 유칼립투스 꿀스틱 250개입 대용량 3kg,상품상품도 좋고요 배송도 빠릅니다,옵션없음,tmd*******,2023.03.04,563,상품상품도 좋고요 배송도 빠릅니다
호주산 유칼립투스 꿀스틱 250개입 대용량 3kg,잘받았어요저렴하게 구매했어요 배송도 빠르네요,옵션없음,ski******,2023.02.15,640,잘받았어요저렴하게 구매했어요 배송도 빠르네요
호주산 유칼립투스 꿀스틱 250개입 대용량 3kg,좋은 상품 보내 주셔서 감사합니다.오랜만에 시켰는데 좋은 상품 보내 주셔서 감사합니다. 잘 먹겠습니다.,옵션없음,hah******,2023.02.14,655,좋은 상품 보내 주셔서 감사합니다.오랜만에 시켰는데 좋은 상품 보내 주셔서 감사합니다. 잘 먹겠습니다.
호주산 유칼립투스 꿀스틱 250개입 대용량 3kg,특유의 향이 있네요. 간편하게 외출이나 여행 할때.여행다닐 때 피곤하기 쉬워서 간편하게 가지고 다니기 좋아요. 우리나라에서 먹어 본 적 없는 특유의 향이 있어서 예민한 분은 호불호가 있을 수도 있을 것 같긴 하네요,옵션없음,rek****,2023.02.13,648,특유의 향이 있네요. 간편하게 외출이나 여행 할때.여행다닐 때 피곤하기 쉬워서 간편하게 가지고 다니기 좋아요. 우리나라에서 먹어 본 적 없는 특유의 향이 있어서 예민한 분은 호불호가 있을 수도 있을 것 같긴 하네요
호주산 유칼립투스 꿀스틱 250개입 대용량 3kg,당충전낮에 에너지떨어질때 당충전용,옵션없음,kim*******,2023.02.09,673,당충전낮에 에너지떨어질때 당충전용
호주산 유칼립투스 꿀스틱 250개입 대용량 3kg,호주산 유칼립투스 꿀스틱 250개입 대용량 3kg배송도 빠르고 추천합니다,옵션없음,b16*****,2023.02.06,657,호주산 유칼립투스 꿀스틱 250개입 대용량 3kg배송도 빠르고 추천합니다
호주산 유칼립투스 꿀스틱 250개입 대용량 3kg,👍👍👍👍👍👍👍👍👍,옵션없음,min*******,2023.02.03,656,
호주산 유칼립투스 꿀스틱 250개입 대용량 3kg,호주산 유칼립투스 꿀스틱스틱형이라 휴대하기 편리하고 한번에먹기 좋아요~ 맛도 좋아요~,옵션없음,kgy*****,2023.01.29,665,호주산 유칼립투스 꿀스틱스틱형이라 휴대하기 편리하고 한번에먹기 좋아요 맛도 좋아요
호주산 유칼립투스 꿀스틱 250개입 대용량 3kg,꿀케이스에 10개 넣고 다니면서 먹어요,옵션없음,gh1****,2023.01.27,666,꿀케이스에 10개 넣고 다니면서 먹어요
호주산 유칼립투스 꿀스틱 250개입 대용량 3kg,꿀하나씩 먹기 좋아요. 들고 다니기 편하니 좋아요,옵션없음,gh1****,2023.01.27,643,꿀하나씩 먹기 좋아요. 들고 다니기 편하니 좋아요
호주산 유칼립투스 꿀스틱 250개입 대용량 3kg,잘 받았어요잘 먹을께요~~~~~~,옵션없음,yeo******,2023.01.26,633,잘 받았어요잘 먹을께요
호주산 유칼립투스 꿀스틱 250개입 대용량 3kg,나쁘지 않네요수량도 잘 맞고. 개별포장이라 그냥 들고 다니면서 복용하기 좋습니다. 맛도 나쁘지 않고요,옵션없음,win*****,2023.01.25,635,나쁘지 않네요수량도 잘 맞고. 개별포장이라 그냥 들고 다니면서 복용하기 좋습니다. 맛도 나쁘지 않고요
호주산 유칼립투스 꿀스틱 250개입 대용량 3kg,ㅎㅎ배송 빨라요 250개 맞겠죠?ㅎㅎ,옵션없음,Boh****,2023.01.21,680,ㅎㅎ배송 빨라요 250개 맞겠죠ㅎㅎ
호주산 유칼립투스 꿀스틱 250개입 대용량 3kg,잘받았어요생각보다 빨리왔어요.250개인데 249개가 왔네요.수량확인잘해야할듯합니다.,옵션없음,tyk****,2023.01.20,690,잘받았어요생각보다 빨리왔어요.250개인데 249개가 왔네요.수량확인잘해야할듯합니다.
호주산 유칼립투스 꿀스틱 250개입 대용량 3kg,수량정확해요!!예전에 첫주문했을때는 몇 개 꿀도 묻어있고 끈적해서 일일이 다 닦아줬는데 이번엔 다 뽀송하니 깨끗했어요. 수량은 250개 정확했습니다. 이 꿀 주변에 나눠주고 다들 너무 맛있다고 좋아했어요. 우연히 알게되었는데 가격도 너무 좋고 맛도 좋아요. 라떼에 시럽대신 타먹어도 맛있어요!! 배송은 직구치고 엄청 빨랐어요.,옵션없음,sle******,2023.01.20,684,수량정확해요예전에 첫주문했을때는 몇 개 꿀도 묻어있고 끈적해서 일일이 다 닦아줬는데 이번엔 다 뽀송하니 깨끗했어요. 수량은 250개 정확했습니다. 이 꿀 주변에 나눠주고 다들 너무 맛있다고 좋아했어요. 우연히 알게되었는데 가격도 너무 좋고 맛도 좋아요. 라떼에 시럽대신 타먹어도 맛있어요 배송은 직구치고 엄청 빨랐어요.
호주산 유칼립투스 꿀스틱 250개입 대용량 3kg,ㅇ정확히250개들었구요 꿀 맛있어요,옵션없음,blk**,2023.01.20,669,ㅇ정확히250개들었구요 꿀 맛있어요
호주산 유칼립투스 꿀스틱 250개입 대용량 3kg,작은물컵에 물반만 탔는데도꿀맛이 안나요 어찌먹을지 걱정입니다,옵션없음,cla*******,2023.01.20,663,작은물컵에 물반만 탔는데도꿀맛이 안나요 어찌먹을지 걱정입니다
호주산 유칼립투스 꿀스틱 250개입 대용량 3kg,👌👌👌👌👌👌👌👌👌👌👌👌,옵션없음,min*******,2023.01.19,681,
호주산 유칼립투스 꿀스틱 250개입 대용량 3kg,간편해서 좋네요평이 좋아 기대했는데 맛이 .... 원래 꿀이 이거보다 안단가요? 외갓댁에서 양봉한 꿀만 먹어보다 이거 먹으니 엄청 달다거나 그런거 모르겠고 맛이 약간 특이하네요. 나무진액같은? 무튼 꾸덕하고 먹기 편해서 좋네요,옵션없음,and*****,2023.01.18,687,간편해서 좋네요평이 좋아 기대했는데 맛이 .... 원래 꿀이 이거보다 안단가요 외갓댁에서 양봉한 꿀만 먹어보다 이거 먹으니 엄청 달다거나 그런거 모르겠고 맛이 약간 특이하네요. 나무진액같은 무튼 꾸덕하고 먹기 편해서 좋네요
호주산 유칼립투스 꿀스틱 250개입 대용량 3kg,배송은 좀 걸렸어요박스안에 포장재 없이 스틱만 들어있어요,옵션없음,gil***,2023.01.18,681,배송은 좀 걸렸어요박스안에 포장재 없이 스틱만 들어있어요
호주산 유칼립투스 꿀스틱 250개입 대용량 3kg,독특한 꿀향이 나네요~한포씩 먹기 좋아요~ 꿀맛 ㅎ,옵션없음,ljh******,2023.01.18,675,독특한 꿀향이 나네요한포씩 먹기 좋아요 꿀맛 ㅎ
호주산 유칼립투스 꿀스틱 250개입 대용량 3kg,꿀스틱스틱형태라 먹기 편해요 시어머님 드리는데 하루에 1스틱 편하게 드시네요,옵션없음,koh******,2023.01.18,671,꿀스틱스틱형태라 먹기 편해요 시어머님 드리는데 하루에 1스틱 편하게 드시네요
호주산 유칼립투스 꿀스틱 250개입 대용량 3kg,꿀아침 공복에 한포씩 먹고 있어요,옵션없음,n78****,2023.01.17,672,꿀아침 공복에 한포씩 먹고 있어요
호주산 유칼립투스 꿀스틱 250개입 대용량 3kg,좋아요꿀이 진한것 같아요. 맛도 괜찮아요,옵션없음,clm****,2023.01.16,672,좋아요꿀이 진한것 같아요. 맛도 괜찮아요
호주산 유칼립투스 꿀스틱 250개입 대용량 3kg,좋아요~받자마자 맛봤는데 쫀득하니 너무 달지도 않고 괜찮네용~ 양도 많아서 오래먹을수 있겠어요~,옵션없음,tnh****,2023.01.16,660,좋아요받자마자 맛봤는데 쫀득하니 너무 달지도 않고 괜찮네용 양도 많아서 오래먹을수 있겠어요
호주산 유칼립투스 꿀스틱 250개입 대용량 3kg,좋아요안전하게 배송되었어요 잘먹을게요~맛있어서 잘산듯해요~~,옵션없음,sil*******,2023.01.16,648,좋아요안전하게 배송되었어요 잘먹을게요맛있어서 잘산듯해요
호주산 유칼립투스 꿀스틱 250개입 대용량 3kg,건강을 위해서건강을 위해서 샀어요 스틱이라 편해요 따뜻한 물에 타 먹는데 좋아요,옵션없음,mas*****,2023.01.05,816,건강을 위해서건강을 위해서 샀어요 스틱이라 편해요 따뜻한 물에 타 먹는데 좋아요
호주산 유칼립투스 꿀스틱 250개입 대용량 3kg,배송 빠르고 건강을 위해 1일 1스틱쉐이커에도 타먹고 요거트에도 섞어먹으니 최고네요,옵션없음,whi*****,2023.01.03,849,배송 빠르고 건강을 위해 1일 1스틱쉐이커에도 타먹고 요거트에도 섞어먹으니 최고네요
호주산 유칼립투스 꿀스틱 250개입 대용량 3kg,좋아요개별포장으로 되어있어 휴대도 편리하고 청결하고 좋아요,옵션없음,ros****,2022.12.23,900,좋아요개별포장으로 되어있어 휴대도 편리하고 청결하고 좋아요
호주산 유칼립투스 꿀스틱 250개입 대용량 3kg,맛있어요사양꿀 아니라고해서 믿고 구입했어요 갯수 이야기도 있어서 세어봤더니 갯수는 딱 맞게 왔어요 터진것도없고 먹기 편해서 너무 좋아요 온가족이 하루에 한포씩 먹습니다 재구매각! 이벤트 당첨되서 커피 쿠폰도 받았어요 감사해요~ *그리고 사은품으로 몇포 더 주시던데 저는 해당이 안되는건가요?*,옵션없음,moo****,2022.12.13,920,맛있어요사양꿀 아니라고해서 믿고 구입했어요 갯수 이야기도 있어서 세어봤더니 갯수는 딱 맞게 왔어요 터진것도없고 먹기 편해서 너무 좋아요 온가족이 하루에 한포씩 먹습니다 재구매각 이벤트 당첨되서 커피 쿠폰도 받았어요 감사해요 그리고 사은품으로 몇포 더 주시던데 저는 해당이 안되는건가요
호주산 유칼립투스 꿀스틱 250개입 대용량 3kg,"250개가 맞는건지 소분이 되어있지 않아 모르겠으나, 꿀맛이네요~!",옵션없음,Bol****,2022.12.12,891,250개가 맞는건지 소분이 되어있지 않아 모르겠으나 꿀맛이네요
호주산 유칼립투스 꿀스틱 250개입 대용량 3kg,맛있어요맛은 있어요 갯수는 꼭 맞게 보내주세요 1개모자람,옵션없음,nat*******,2022.12.08,862,맛있어요맛은 있어요 갯수는 꼭 맞게 보내주세요 1개모자람
호주산 유칼립투스 꿀스틱 250개입 대용량 3kg,그냥저냥그냥저냥 그래요 추천합니다,옵션없음,p92*****,2022.12.08,852,그냥저냥그냥저냥 그래요 추천합니다
호주산 유칼립투스 꿀스틱 250개입 대용량 3kg,잘받았습니다잘받았습니다.진하네요,옵션없음,cwl*****,2022.12.07,853,잘받았습니다잘받았습니다.진하네요
호주산 유칼립투스 꿀스틱 250개입 대용량 3kg,먹기 편하고 유통기한도 좋아요~먹기 편하고 유통기한도 좋아요~,옵션없음,sor*******,2022.12.07,841,먹기 편하고 유통기한도 좋아요먹기 편하고 유통기한도 좋아요
호주산 유칼립투스 꿀스틱 250개입 대용량 3kg,"대체로 만족수량 250개 매우 정확하고, 유통기한은 20/10/2028로 충분합니다. 호주여행중에 숙소에서 식사시 자주 제공되어 먹어봤는데 간편하고 맛도 있고 기억에 남아서 주문해 보았습니다. 단, 해외배송인데 박스가 다소 허술하지 않나 합니다. 작고 얇은 박스에 꿀이 가득차게 보내주셨는데 박스가 좀 찢어져 있어서 포장상태가 불안하다는 생각이 듭니다. 테이프가 단단히 붙어져 있어 손개봉이 불가하여 칼로 개봉하는데 잘못하면 꿀이 터질 우려가 있기에 조심스럽게 개봉해야 합니다.",옵션없음,mip*****,2022.12.07,840,대체로 만족수량 250개 매우 정확하고 유통기한은 20102028로 충분합니다. 호주여행중에 숙소에서 식사시 자주 제공되어 먹어봤는데 간편하고 맛도 있고 기억에 남아서 주문해 보았습니다. 단 해외배송인데 박스가 다소 허술하지 않나 합니다. 작고 얇은 박스에 꿀이 가득차게 보내주셨는데 박스가 좀 찢어져 있어서 포장상태가 불안하다는 생각이 듭니다. 테이프가 단단히 붙어져 있어 손개봉이 불가하여 칼로 개봉하는데 잘못하면 꿀이 터질 우려가 있기에 조심스럽게 개봉해야 합니다.
호주산 유칼립투스 꿀스틱 250개입 대용량 3kg,호주 꿀스틱 좋아요꿀이 꾸덕하면서도 달아요. 아이들도 맛있다고 하네요.,옵션없음,hun*******,2022.12.06,745,호주 꿀스틱 좋아요꿀이 꾸덕하면서도 달아요. 아이들도 맛있다고 하네요.
호주산 유칼립투스 꿀스틱 250개입 대용량 3kg,"개수는 정확하게 부탁합니다.2개가 빠졌어요. 50개씩 소분하다 알게 되었어요. 하나는 제가 먹었구요ㅋㅋ 또 시킬 것 같으니, 다음 번엔 맞춰주세요~~~ 단걸 좋아하는 편은 아닌데 꿀이니까 좋다고 생각하고 챙겨먹을려구요. 꾸덕하니 좋네요. 개별포장이라 외출시에도 갖고 다녀도 넘 좋을 것 같아요. 최고~^^ 배송은 원래 직구를 자주 하는 편이라 신경 안 쓰고 있음 오더라구요~ 급한 건 아니였으니~ 잘 먹겠습니다~~",옵션없음,miw****,2022.12.05,714,개수는 정확하게 부탁합니다.2개가 빠졌어요. 50개씩 소분하다 알게 되었어요. 하나는 제가 먹었구요ㅋㅋ 또 시킬 것 같으니 다음 번엔 맞춰주세요 단걸 좋아하는 편은 아닌데 꿀이니까 좋다고 생각하고 챙겨먹을려구요. 꾸덕하니 좋네요. 개별포장이라 외출시에도 갖고 다녀도 넘 좋을 것 같아요. 최고 배송은 원래 직구를 자주 하는 편이라 신경 안 쓰고 있음 오더라구요 급한 건 아니였으니 잘 먹겠습니다
호주산 유칼립투스 꿀스틱 250개입 대용량 3kg,좋아요꿀 좋은데 떠먹기 귀찮아서 힘들었는데 요건 스틱이라 편해요,옵션없음,lim******,2022.12.03,674,좋아요꿀 좋은데 떠먹기 귀찮아서 힘들었는데 요건 스틱이라 편해요
호주산 유칼립투스 꿀스틱 250개입 대용량 3kg,좋아요면역력 때문에 간편하게 먹으려고요,옵션없음,lim******,2022.12.03,592,좋아요면역력 때문에 간편하게 먹으려고요
호주산 유칼립투스 꿀스틱 250개입 대용량 3kg,잘받았어요^^박스가 작아서 뭐지?이게 3키로??했는데 박스안에 가득차있네요 ㅎㅎ잘받았습니다,옵션없음,lov******,2022.11.30,587,잘받았어요박스가 작아서 뭐지이게 3키로했는데 박스안에 가득차있네요 ㅎㅎ잘받았습니다
호주산 유칼립투스 꿀스틱 250개입 대용량 3kg,꿀이 많이 달지 않고 맛있어요꿀스틱 먹기 편하고 많이 달지 않아서 좋아요 박스째 그대로 와서 포장이 좀 아쉬워요,옵션없음,mir*****,2022.11.30,571,꿀이 많이 달지 않고 맛있어요꿀스틱 먹기 편하고 많이 달지 않아서 좋아요 박스째 그대로 와서 포장이 좀 아쉬워요
호주산 유칼립투스 꿀스틱 250개입 대용량 3kg,좋아요좋아요좋아요좋아요좋아요좋아요좋아요좋아요,옵션없음,jih*****,2022.11.29,553,좋아요좋아요좋아요좋아요좋아요좋아요좋아요좋아요
호주산 유칼립투스 꿀스틱 250개입 대용량 3kg,맛있어요꿀이 쫀뜩하고 엄청 달고 맛있어요 그리고 신선한 느낌~ 이거 다 먹고 또 시킬게요 마누카도 궁금하네요~,옵션없음,sni******,2022.11.29,546,맛있어요꿀이 쫀뜩하고 엄청 달고 맛있어요 그리고 신선한 느낌 이거 다 먹고 또 시킬게요 마누카도 궁금하네요
호주산 유칼립투스 꿀스틱 250개입 대용량 3kg,꾸덕꾸덕~기간은 열흘정도 걸린것 같아요 하나 먹어보니 꾸덕꾸덕 진득한 꿀이네요 먹고 건강해질게요,옵션없음,khu****,2022.11.28,488,꾸덕꾸덕기간은 열흘정도 걸린것 같아요 하나 먹어보니 꾸덕꾸덕 진득한 꿀이네요 먹고 건강해질게요
호주산 유칼립투스 꿀스틱 250개입 대용량 3kg,제품 정확해요해외배송이라 좀 기다렸지만 맛있어요~~ 잘 먹겠습니다~~^^,옵션없음,tgi***,2022.11.22,564,제품 정확해요해외배송이라 좀 기다렸지만 맛있어요 잘 먹겠습니다
호주산 유칼립투스 꿀스틱 250개입 대용량 3kg,맛나요배송이 좀 늦긴했지만 맛은 좋습니다,옵션없음,nam******,2022.11.17,559,맛나요배송이 좀 늦긴했지만 맛은 좋습니다
호주산 유칼립투스 꿀스틱 250개입 대용량 3kg,좋아요배송은 일주일정도 걸렸어요 혹시 몰라서 갯수도 세어봤는데 맞게 잘 왔습니당 꿀 꾸준히 먹는데 좋더라구요,옵션없음,sm7****,2022.11.16,552,좋아요배송은 일주일정도 걸렸어요 혹시 몰라서 갯수도 세어봤는데 맞게 잘 왔습니당 꿀 꾸준히 먹는데 좋더라구요
호주산 유칼립투스 꿀스틱 250개입 대용량 3kg,배송도 빠르고배송도 빠르고 좋아요,옵션없음,dnj******,2022.11.16,505,배송도 빠르고배송도 빠르고 좋아요
호주산 유칼립투스 꿀스틱 250개입 대용량 3kg,"간편하고 맛있어요수량 딱 맞고, 깔끔하게 왔어요. 간편하게 먹기 좋아요.",옵션없음,smj****,2022.11.14,502,간편하고 맛있어요수량 딱 맞고 깔끔하게 왔어요. 간편하게 먹기 좋아요.
호주산 유칼립투스 꿀스틱 250개입 대용량 3kg,좋아요먹기 편해서 좋습니다 잘 먹어요,옵션없음,jee******,2022.11.12,568,좋아요먹기 편해서 좋습니다 잘 먹어요
호주산 유칼립투스 꿀스틱 250개입 대용량 3kg,좋아요배송도 빠르고 가격도 저렴하고 좋네요~^^,옵션없음,hey****,2022.11.09,540,좋아요배송도 빠르고 가격도 저렴하고 좋네요
호주산 유칼립투스 꿀스틱 250개입 대용량 3kg,잘 도착했어요배송은 굉~ 장히 느리구요. 상품은 무사히 잘 도착했습니다,옵션없음,xot*****,2022.11.09,531,잘 도착했어요배송은 굉 장히 느리구요. 상품은 무사히 잘 도착했습니다
호주산 유칼립투스 꿀스틱 250개입 대용량 3kg,저렴하고 맛나요보통 10g인데 이건 15g 처음엔 너무 달다싶었는데 자꾸먹다보니 딱 좋더라구요 천연벌꿀은 아니지만 그래도 이가격에 좋은것같아요 한박스 더 사놨어요,옵션없음,wld******,2022.11.08,552,저렴하고 맛나요보통 10g인데 이건 15g 처음엔 너무 달다싶었는데 자꾸먹다보니 딱 좋더라구요 천연벌꿀은 아니지만 그래도 이가격에 좋은것같아요 한박스 더 사놨어요
호주산 유칼립투스 꿀스틱 250개입 대용량 3kg,먹기 편해요휴대가 편하고 딸은 얼려서 간식으로 잘 먹고 있어요,옵션없음,dal*******,2022.11.06,472,먹기 편해요휴대가 편하고 딸은 얼려서 간식으로 잘 먹고 있어요
호주산 유칼립투스 꿀스틱 250개입 대용량 3kg,양 넉넉하니 좋아요평소에 과일 갈아바실때 꿀이용하는데 편리하게 소분되어 있어서 좋아요. 생각보다 한포에 양이 넉넉하고요 받자마자 50개씩 소분해 두니 좋아요. 합리적인 가격에 구입한거 같아요,옵션없음,jun****,2022.11.05,470,양 넉넉하니 좋아요평소에 과일 갈아바실때 꿀이용하는데 편리하게 소분되어 있어서 좋아요. 생각보다 한포에 양이 넉넉하고요 받자마자 50개씩 소분해 두니 좋아요. 합리적인 가격에 구입한거 같아요
호주산 유칼립투스 꿀스틱 250개입 대용량 3kg,괜찮아요진한 느낌이 들어요,옵션없음,lil*******,2022.11.04,481,괜찮아요진한 느낌이 들어요
호주산 유칼립투스 꿀스틱 250개입 대용량 3kg,흠..국내산 제주도 비타꿀?인가..그거 보다 훨씬 단거 같아요요거트에 타 먹거나.. 겨울 다가오니 애들 코코아에 조금씩 넣어 주든가 하려구요 하나씩 먹기 좋아요 1년은 너끈히 먹을듯,옵션없음,ins*******,2022.11.01,551,흠..국내산 제주도 비타꿀인가..그거 보다 훨씬 단거 같아요요거트에 타 먹거나.. 겨울 다가오니 애들 코코아에 조금씩 넣어 주든가 하려구요 하나씩 먹기 좋아요 1년은 너끈히 먹을듯
호주산 유칼립투스 꿀스틱 250개입 대용량 3kg,잘받았습니다잘받았습니다 잘받았습니다,옵션없음,nha*****,2022.10.30,593,잘받았습니다잘받았습니다 잘받았습니다
호주산 유칼립투스 꿀스틱 250개입 대용량 3kg,"꿀맛이네요~^^19일에 주문해서 28일에 받았어요. 비행기가 뜨지 않는 기상여건 때문이니 어쩔 수 없었다고 생각합니다. 꿀은 맛있어요. 다만, 비닐 주변에 가끔씩 묻어있는 꿀때문에 비닐이 찐득한게 좀 있네요.",옵션없음,jji****,2022.10.28,584,꿀맛이네요19일에 주문해서 28일에 받았어요. 비행기가 뜨지 않는 기상여건 때문이니 어쩔 수 없었다고 생각합니다. 꿀은 맛있어요. 다만 비닐 주변에 가끔씩 묻어있는 꿀때문에 비닐이 찐득한게 좀 있네요.
호주산 유칼립투스 꿀스틱 250개입 대용량 3kg,꿀 좋아요늘 호주소녀에서 구매 하는데요 좋아요 감사해용,옵션없음,pcp***,2022.10.28,547,꿀 좋아요늘 호주소녀에서 구매 하는데요 좋아요 감사해용
호주산 유칼립투스 꿀스틱 250개입 대용량 3kg,좋아요맛있어요 너무너무좋아요,옵션없음,luc****,2022.10.28,536,좋아요맛있어요 너무너무좋아요
호주산 유칼립투스 꿀스틱 250개입 대용량 3kg,사양벌꿀엿네요ㅎ스틱형태라 먹기 편해서 두번째 구매요 사양벌꿀인줄은 지금 알앗네요ㅎ,옵션없음,kba******,2022.10.27,535,사양벌꿀엿네요ㅎ스틱형태라 먹기 편해서 두번째 구매요 사양벌꿀인줄은 지금 알앗네요ㅎ
호주산 유칼립투스 꿀스틱 250개입 대용량 3kg,좋아요아들래민 먹어보더니 이젠 안 먹는다하고 저랑 딸아이는 하루에 1개씩 먹네요ㅋ 갠적으로 일반 꿀보다 진하고 먹기편함,옵션없음,ono****,2022.10.27,532,좋아요아들래민 먹어보더니 이젠 안 먹는다하고 저랑 딸아이는 하루에 1개씩 먹네요ㅋ 갠적으로 일반 꿀보다 진하고 먹기편함
호주산 유칼립투스 꿀스틱 250개입 대용량 3kg,굿휴대하기 좋아요 국굿굿,옵션없음,ju3***,2022.10.26,519,굿휴대하기 좋아요 국굿굿
호주산 유칼립투스 꿀스틱 250개입 대용량 3kg,꿀스틱맛있게먹고있어요 출근길에퇴근길에 하나씩 꺼내먹으니 피로가풀리는듯,옵션없음,kjb****,2022.10.26,501,꿀스틱맛있게먹고있어요 출근길에퇴근길에 하나씩 꺼내먹으니 피로가풀리는듯
호주산 유칼립투스 꿀스틱 250개입 대용량 3kg,좋아요~달콤한 꿀을 스틱으로 간편하게 먹을수 있어서 좋아요~ 맛도 좋아요~^^,옵션없음,kit******,2022.10.25,500,좋아요달콤한 꿀을 스틱으로 간편하게 먹을수 있어서 좋아요 맛도 좋아요
호주산 유칼립투스 꿀스틱 250개입 대용량 3kg,진해요배송 느린거야 알고있었고 휴대성도 좋고 맛도진해서 좋네요 한참먹겠어여,옵션없음,hop*****,2022.10.25,483,진해요배송 느린거야 알고있었고 휴대성도 좋고 맛도진해서 좋네요 한참먹겠어여
호주산 유칼립투스 꿀스틱 250개입 대용량 3kg,잘먹고 있어요살짝 시큼해요.. 간편하고 맛있어요,옵션없음,ran******,2022.10.25,478,잘먹고 있어요살짝 시큼해요.. 간편하고 맛있어요
호주산 유칼립투스 꿀스틱 250개입 대용량 3kg,꿀스틱 250개 갯수 딱맞게 왔어요~~꿀스틱 250개 갯수 딱맞게 왔어요~~,옵션없음,hy1***,2022.10.22,472,꿀스틱 250개 갯수 딱맞게 왔어요꿀스틱 250개 갯수 딱맞게 왔어요
호주산 유칼립투스 꿀스틱 250개입 대용량 3kg,249개 도착250개 아니고 249개 도착,옵션없음,gui*******,2022.10.21,447,249개 도착250개 아니고 249개 도착
호주산 유칼립투스 꿀스틱 250개입 대용량 3kg,오갯수 딱입니다 맛은 향이 나면서 진한맛이 좋네요,옵션없음,rud*******,2022.10.21,448,오갯수 딱입니다 맛은 향이 나면서 진한맛이 좋네요
호주산 유칼립투스 꿀스틱 250개입 대용량 3kg,꿀 스틱12g의 양이 어느정도 인지 가늠이 안되더라구요 저같은 분이 계실거 같아 비교 사진 올려봤습니다,옵션없음,rou*****,2022.10.19,459,꿀 스틱12g의 양이 어느정도 인지 가늠이 안되더라구요 저같은 분이 계실거 같아 비교 사진 올려봤습니다
호주산 유칼립투스 꿀스틱 250개입 대용량 3kg,재구매임니다ㅁ  특가로 딜떠서 구입합니다 ㅁ          좋은상품감사해요~~,옵션없음,eac***,2022.10.17,462,재구매임니다ㅁ  특가로 딜떠서 구입합니다 ㅁ          좋은상품감사해요
호주산 유칼립투스 꿀스틱 250개입 대용량 3kg,"맛있고 편해요.속포장이 안되어 있어서 개봉시 조금 당황스럽긴했지만, 쓰레기가 적게 나오니 좋긴해요. 정확히 250개 들어있었고요. 잘 샀어요. 감사합니다.",옵션없음,hhh*****,2022.10.15,462,맛있고 편해요.속포장이 안되어 있어서 개봉시 조금 당황스럽긴했지만 쓰레기가 적게 나오니 좋긴해요. 정확히 250개 들어있었고요. 잘 샀어요. 감사합니다.
호주산 유칼립투스 꿀스틱 250개입 대용량 3kg,조아요조아요조아요부모님 조아하세요 다 드시고 또 구매예정,옵션없음,jan*****,2022.10.13,560,조아요조아요조아요부모님 조아하세요 다 드시고 또 구매예정
호주산 유칼립투스 꿀스틱 250개입 대용량 3kg,좋아요배송감사합니다 좋아요,옵션없음,puc****,2022.10.12,514,좋아요배송감사합니다 좋아요
호주산 유칼립투스 꿀스틱 250개입 대용량 3kg,좋아요좋아요 맛나요좋아요 좋아요 좋아요,옵션없음,iza****,2022.10.05,530,좋아요좋아요 맛나요좋아요 좋아요 좋아요
호주산 유칼립투스 꿀스틱 250개입 대용량 3kg,좋아요진하고 맛있어요. 활용하기 좋고 낱개포장이라 먹기편해요,옵션없음,sta*****,2022.10.05,536,좋아요진하고 맛있어요. 활용하기 좋고 낱개포장이라 먹기편해요
호주산 유칼립투스 꿀스틱 250개입 대용량 3kg,9월20일주문 10월4일도착꿀맛이좋네요 다먹고 재주문할께요 세어보진않앗지만 맞겟죠뭐 반은엄마 반은제가 일케 하루에한포먹어보려구요 호올스랑비교샷 올려봅니당,옵션없음,eac***,2022.10.05,529,9월20일주문 10월4일도착꿀맛이좋네요 다먹고 재주문할께요 세어보진않앗지만 맞겟죠뭐 반은엄마 반은제가 일케 하루에한포먹어보려구요 호올스랑비교샷 올려봅니당
호주산 유칼립투스 꿀스틱 250개입 대용량 3kg,좋아요1회씩 포장 되어 있어서 좋으네요,옵션없음,hoh*******,2022.10.03,542,좋아요1회씩 포장 되어 있어서 좋으네요
호주산 유칼립투스 꿀스틱 250개입 대용량 3kg,저렴한 가격에 대박입니다저렴한 가격에 대박입니다,옵션없음,na0***,2022.09.29,563,저렴한 가격에 대박입니다저렴한 가격에 대박입니다
호주산 유칼립투스 꿀스틱 250개입 대용량 3kg,음~맛좋아요터진거없이 잘도착했구요 갯수는 안세어봤는데 맞겠죠 가성비좋아요 잘먹을께요 딜뜰때마다 살거 같아요,옵션없음,you*******,2022.09.29,566,음맛좋아요터진거없이 잘도착했구요 갯수는 안세어봤는데 맞겠죠 가성비좋아요 잘먹을께요 딜뜰때마다 살거 같아요
호주산 유칼립투스 꿀스틱 250개입 대용량 3kg,좋다고해서좋다고해서 주문했습니다. 하나 먹어보니 맛있고 휴대가 편해서 회사에서 간식으로 좋을것같아요,옵션없음,fro****,2022.09.28,575,좋다고해서좋다고해서 주문했습니다. 하나 먹어보니 맛있고 휴대가 편해서 회사에서 간식으로 좋을것같아요
호주산 유칼립투스 꿀스틱 250개입 대용량 3kg,달다달다꿀이 참 먹기 편하게 나오다니! 요즘 꿀아메리카노에 빠졌어요! 아침 커피에 달달이 꿀한포 넣으면~얼마나 맛있게요~ㅎ 주위사람에게 환절기 인심쓰기도 좋아요! 배송은 쫌걸렸네요 그러나 맛도 양도 만족! 다 먹고 나면 재 구매의사100프로입니다! 꿀맛이 요거트맛이 나요ㅋ 우리나라 잡화꿀이나 밤꿀과는 또다른 맛. 좀더 라이트하고 깔끔해요.,옵션없음,qks*******,2022.09.28,557,달다달다꿀이 참 먹기 편하게 나오다니 요즘 꿀아메리카노에 빠졌어요 아침 커피에 달달이 꿀한포 넣으면얼마나 맛있게요ㅎ 주위사람에게 환절기 인심쓰기도 좋아요 배송은 쫌걸렸네요 그러나 맛도 양도 만족 다 먹고 나면 재 구매의사100프로입니다 꿀맛이 요거트맛이 나요ㅋ 우리나라 잡화꿀이나 밤꿀과는 또다른 맛. 좀더 라이트하고 깔끔해요.
호주산 유칼립투스 꿀스틱 250개입 대용량 3kg,잘받았어요일주일정도 걸렸고 갯수도 딱맞고 달달한 꿀이 맛있네요,옵션없음,ekn******,2022.09.28,498,잘받았어요일주일정도 걸렸고 갯수도 딱맞고 달달한 꿀이 맛있네요
호주산 유칼립투스 꿀스틱 250개입 대용량 3kg,만족합니다만족합니다~~하루한개씩먹어보려구요,옵션없음,wkd*****,2022.09.27,497,만족합니다만족합니다하루한개씩먹어보려구요
호주산 유칼립투스 꿀스틱 250개입 대용량 3kg,스틱 꿀저렴하게 사서 너무 만족 합니다 맛도 괜찮네요!! 부디 건강에 도움이 꼭 되었음 좋겠어요,옵션없음,red*****,2022.09.27,474,스틱 꿀저렴하게 사서 너무 만족 합니다 맛도 괜찮네요 부디 건강에 도움이 꼭 되었음 좋겠어요
호주산 유칼립투스 꿀스틱 250개입 대용량 3kg,엄청 달아요그냥 먹기엔 너무 달아서 물에 타먹어야할것 같아요~,옵션없음,bab*****,2022.09.27,471,엄청 달아요그냥 먹기엔 너무 달아서 물에 타먹어야할것 같아요
호주산 유칼립투스 꿀스틱 250개입 대용량 3kg,좋아요.꿀 이렇게 포장된거 처음봐요. 먹기 좋네요.,옵션없음,app****,2022.09.27,465,좋아요.꿀 이렇게 포장된거 처음봐요. 먹기 좋네요.
호주산 유칼립투스 꿀스틱 250개입 대용량 3kg,먹기 편해서 좋아요생각보다 걸쭉하고 너무 달아요~ 스틱이라 먹기 편해서 좋아요~ 배송은 2주 걸렸어요ㅎ,옵션없음,yon******,2022.09.20,483,먹기 편해서 좋아요생각보다 걸쭉하고 너무 달아요 스틱이라 먹기 편해서 좋아요 배송은 2주 걸렸어요ㅎ
호주산 유칼립투스 꿀스틱 250개입 대용량 3kg,유칼립투스 꿀 스틱스틱이라 휴대하기 좋고 12그램 용량도 한번에먹기 적당합니다. 환절기에 몸좀 챙겨볼려고 큰맘먹고 샀어요 ~ 갯수도 딱맞았고 터진것 없어서 다행입니다^^ 달콤하니 꿀 맛이네요 ㅎㅎ 잘 먹겠습니다,옵션없음,wlt***,2022.09.14,564,유칼립투스 꿀 스틱스틱이라 휴대하기 좋고 12그램 용량도 한번에먹기 적당합니다. 환절기에 몸좀 챙겨볼려고 큰맘먹고 샀어요  갯수도 딱맞았고 터진것 없어서 다행입니다 달콤하니 꿀 맛이네요 ㅎㅎ 잘 먹겠습니다
호주산 유칼립투스 꿀스틱 250개입 대용량 3kg,배송좋고 제품 잘 왔어요배송좋고 제품 잘 왔어요,옵션없음,ohg****,2022.09.08,599,배송좋고 제품 잘 왔어요배송좋고 제품 잘 왔어요
호주산 유칼립투스 꿀스틱 250개입 대용량 3kg,두번째구매네요ㅋ두번째구매인데 휴대하기넘좋고 넘맛있어요 언니랑엄마도갖다주려고 따로따로담았네요ㅋ요번엔250개갯수가딱 맞아서좋았네요ㅋ,옵션없음,syo****,2022.09.07,617,두번째구매네요ㅋ두번째구매인데 휴대하기넘좋고 넘맛있어요 언니랑엄마도갖다주려고 따로따로담았네요ㅋ요번엔250개갯수가딱 맞아서좋았네요ㅋ
호주산 유칼립투스 꿀스틱 250개입 대용량 3kg,달고 맛있어요이 꿀은 처음 주문했는데 하나 먹어보니 단 맛이 강하고 맛있어요. 코로나 이후 목이 자꾸 아파서 이 꿀을 신청했어요. 이제 하나 먹었지만 효과가 있으리라 기대합니다 빅스마일 쿠폰으로 저렴하게 구매했어요,옵션없음,jxd*****,2022.09.05,597,달고 맛있어요이 꿀은 처음 주문했는데 하나 먹어보니 단 맛이 강하고 맛있어요. 코로나 이후 목이 자꾸 아파서 이 꿀을 신청했어요. 이제 하나 먹었지만 효과가 있으리라 기대합니다 빅스마일 쿠폰으로 저렴하게 구매했어요
호주산 유칼립투스 꿀스틱 250개입 대용량 3kg,양이 많아요차로 타먹기도 좋고 그냥 짜먹기도 양이 많아서 또 구매했어요,옵션없음,goo*****,2022.08.27,583,양이 많아요차로 타먹기도 좋고 그냥 짜먹기도 양이 많아서 또 구매했어요
호주산 유칼립투스 꿀스틱 250개입 대용량 3kg,좋아요환절기라 애들 먹이려고 샀는데 활용도도 좋고 맛도 괜찮네요 새콤한 맛나는 진한 꿀입니다,옵션없음,thi****,2022.08.26,571,좋아요환절기라 애들 먹이려고 샀는데 활용도도 좋고 맛도 괜찮네요 새콤한 맛나는 진한 꿀입니다
호주산 유칼립투스 꿀스틱 250개입 대용량 3kg,잘 받았습니다~~몇년 전 구매했었는데~ 휴대용이해서 좋아요~,옵션없음,mva****,2022.08.25,537,잘 받았습니다몇년 전 구매했었는데 휴대용이해서 좋아요
호주산 유칼립투스 꿀스틱 250개입 대용량 3kg,맛나요가성비좋아요 만족합니다,옵션없음,kim****,2022.08.25,525,맛나요가성비좋아요 만족합니다
호주산 유칼립투스 꿀스틱 250개입 대용량 3kg,만족해요안이 꽉꽉 차있어요 만족해요 박스가 작아서 놀랐는데 열어보고 더 놀람요,옵션없음,esw****,2022.08.22,542,만족해요안이 꽉꽉 차있어요 만족해요 박스가 작아서 놀랐는데 열어보고 더 놀람요
호주산 유칼립투스 꿀스틱 250개입 대용량 3kg,배송이 빠르고 상품도 좋아요배송이 빠르고 상품도 좋아요,옵션없음,lhs***,2022.08.18,543,배송이 빠르고 상품도 좋아요배송이 빠르고 상품도 좋아요
호주산 유칼립투스 꿀스틱 250개입 대용량 3kg,꿀스틱스틱형이라 휴대용 하루에 1~2개 꿀~~,옵션없음,koh******,2022.08.17,466,꿀스틱스틱형이라 휴대용 하루에 12개 꿀
호주산 유칼립투스 꿀스틱 250개입 대용량 3kg,좋네요.천연꿀이라니 몸생각해서 시켜봤습니다. 맛보니 맛도 좋고 소량스틱 포장이라 간편해서 좋네요. 다 먹으면 재구매 할만 하겠어요~,옵션없음,hyd****,2022.08.17,457,좋네요.천연꿀이라니 몸생각해서 시켜봤습니다. 맛보니 맛도 좋고 소량스틱 포장이라 간편해서 좋네요. 다 먹으면 재구매 할만 하겠어요
호주산 유칼립투스 꿀스틱 250개입 대용량 3kg,조아요가격대비만족합니다마니파세요맛있어요,옵션없음,jcj***,2022.08.17,443,조아요가격대비만족합니다마니파세요맛있어요
호주산 유칼립투스 꿀스틱 250개입 대용량 3kg,n차구매나눠먹고 나눠먹고 먹기편해요,옵션없음,nic******,2022.07.28,555,n차구매나눠먹고 나눠먹고 먹기편해요
호주산 유칼립투스 꿀스틱 250개입 대용량 3kg,많은데 금방먹어요보름만에 한박스 더시켜요 나눠먹으니까 금방먹어요,옵션없음,nic******,2022.07.12,574,많은데 금방먹어요보름만에 한박스 더시켜요 나눠먹으니까 금방먹어요
호주산 유칼립투스 꿀스틱 250개입 대용량 3kg,세어보진않았지만갯수는 정확하겠죠 ㅎㅎ,옵션없음,kgy****,2022.07.11,572,세어보진않았지만갯수는 정확하겠죠 ㅎㅎ
호주산 유칼립투스 꿀스틱 250개입 대용량 3kg,잘받았어요효과있길 기대합니다ㅎㅎ,옵션없음,fks*****,2022.07.11,560,잘받았어요효과있길 기대합니다ㅎㅎ
호주산 유칼립투스 꿀스틱 250개입 대용량 3kg,만족해요안터지고 잘왔어요 개별포장이라 위생적이네요. 양도 한번에 먹을만큼 정해지니까 좋구요,옵션없음,juh******,2022.07.06,571,만족해요안터지고 잘왔어요 개별포장이라 위생적이네요. 양도 한번에 먹을만큼 정해지니까 좋구요
호주산 유칼립투스 꿀스틱 250개입 대용량 3kg,추천해요저렴히 잘샀어요 선물용으로도 구매,옵션없음,jws***,2022.07.03,577,추천해요저렴히 잘샀어요 선물용으로도 구매
호주산 유칼립투스 꿀스틱 250개입 대용량 3kg,추천해요꾸준히 먹으면좋겠죠,옵션없음,jws***,2022.07.03,567,추천해요꾸준히 먹으면좋겠죠
호주산 유칼립투스 꿀스틱 250개입 대용량 3kg,좋은 상품 잘 받았습니다.이번에도 좋은 상품 보내 주셔서 감사합니다. 잘 먹겠습니다.,옵션없음,hah******,2022.06.28,592,좋은 상품 잘 받았습니다.이번에도 좋은 상품 보내 주셔서 감사합니다. 잘 먹겠습니다.
호주산 유칼립투스 꿀스틱 250개입 대용량 3kg,유칼립투스 꿀스틱유칼립투스 꿀스틱. 낱개 포장. 세어보진 않았지만 250개겠죠. 살짝 비싼 감은 있음,옵션없음,gen******,2022.06.25,603,유칼립투스 꿀스틱유칼립투스 꿀스틱. 낱개 포장. 세어보진 않았지만 250개겠죠. 살짝 비싼 감은 있음
호주산 유칼립투스 꿀스틱 250개입 대용량 3kg,간편햐서좋아요잘먹겠습니당 추천요,옵션없음,duk******,2022.06.24,614,간편햐서좋아요잘먹겠습니당 추천요
호주산 유칼립투스 꿀스틱 250개입 대용량 3kg,오래 먹을 거 같아요아침에 공복에 꾸준히 먹어보려구요. 배송은 좀 늦은편이예요,옵션없음,gyu*******,2022.06.21,605,오래 먹을 거 같아요아침에 공복에 꾸준히 먹어보려구요. 배송은 좀 늦은편이예요
호주산 유칼립투스 꿀스틱 250개입 대용량 3kg,헙포장에 놀람이요 250개 맞것죠 믿어요,옵션없음,mi0***,2022.06.20,639,헙포장에 놀람이요 250개 맞것죠 믿어요
호주산 유칼립투스 꿀스틱 250개입 대용량 3kg,진해요걸죽하다고 해야하나? 진하고 좋네요~,옵션없음,goo*****,2022.06.15,640,진해요걸죽하다고 해야하나 진하고 좋네요
호주산 유칼립투스 꿀스틱 250개입 대용량 3kg,꿀이 신맛나면서 달콤해요꿀이 신맛나면서 달콤해요 꿀이 신맛나면서 달콤해요,옵션없음,kjy***,2022.06.15,626,꿀이 신맛나면서 달콤해요꿀이 신맛나면서 달콤해요 꿀이 신맛나면서 달콤해요
호주산 유칼립투스 꿀스틱 250개입 대용량 3kg,좋습니다배송 생각보다 빠르고 맛있네요 넣어다니기 좋습니다,옵션없음,jai*****,2022.06.14,636,좋습니다배송 생각보다 빠르고 맛있네요 넣어다니기 좋습니다
호주산 유칼립투스 꿀스틱 250개입 대용량 3kg,마누카 먹다가 이것도 시켜봤어요.애들이 마누카는 잘 안먹어서 이걸로 주문해봤어요. 잘 먹네요.고르곤졸라 피자 찍어먹고 요거트에 넣어먹고 좋아요. 배송도 일주일 안걸린거 같고 저렴하게 잘 샀어요 ~,옵션없음,tas****,2022.06.13,613,마누카 먹다가 이것도 시켜봤어요.애들이 마누카는 잘 안먹어서 이걸로 주문해봤어요. 잘 먹네요.고르곤졸라 피자 찍어먹고 요거트에 넣어먹고 좋아요. 배송도 일주일 안걸린거 같고 저렴하게 잘 샀어요 
호주산 유칼립투스 꿀스틱 250개입 대용량 3kg,박스클까 걱정했는데작네요 맛잏고 간편해요. 호주산 믿고 샀어요,옵션없음,sun******,2022.06.12,587,박스클까 걱정했는데작네요 맛잏고 간편해요. 호주산 믿고 샀어요
호주산 유칼립투스 꿀스틱 250개입 대용량 3kg,꿀스틱아이가 아침을 잘안먹고 가서 아침에 챙겨먹일려고 주문했습니다 . 스틱이라 편하고 저렴하게 구입해서 좋습니다,옵션없음,Ksu****,2022.06.11,566,꿀스틱아이가 아침을 잘안먹고 가서 아침에 챙겨먹일려고 주문했습니다 . 스틱이라 편하고 저렴하게 구입해서 좋습니다
호주산 유칼립투스 꿀스틱 250개입 대용량 3kg,좋아요맛이진하고 좋네요 추천해요,옵션없음,kkw***,2022.06.11,554,좋아요맛이진하고 좋네요 추천해요
호주산 유칼립투스 꿀스틱 250개입 대용량 3kg,굿너무 좋아요 소포장에 진득한 자연산 꿀.. 거기다 기관지 계통에 좋대서 꾸준히 먹어 볼려구여 ㅎㅎ,옵션없음,aro***,2022.06.09,564,굿너무 좋아요 소포장에 진득한 자연산 꿀.. 거기다 기관지 계통에 좋대서 꾸준히 먹어 볼려구여 ㅎㅎ
호주산 유칼립투스 꿀스틱 250개입 대용량 3kg,꿀달달하니 맛 괜찮네요.기관지가 안좋아 구매했어요.수량도 맞게 잘 왔어요.,옵션없음,k#0*******,2022.06.09,537,꿀달달하니 맛 괜찮네요.기관지가 안좋아 구매했어요.수량도 맞게 잘 왔어요.
호주산 유칼립투스 꿀스틱 250개입 대용량 3kg,꿀한가득위생적이게 쓸수 있을것 같아요,옵션없음,fra****,2022.06.08,546,꿀한가득위생적이게 쓸수 있을것 같아요
호주산 유칼립투스 꿀스틱 250개입 대용량 3kg,물건받았어요오늘 정신없어서 먹어보진 않았어요~ 터진거 없이 잘왔네요~,옵션없음,lov****,2022.06.07,570,물건받았어요오늘 정신없어서 먹어보진 않았어요 터진거 없이 잘왔네요
호주산 유칼립투스 꿀스틱 250개입 대용량 3kg,맛좋아요 ㅎㅎ해외배송인데도 일주일만에 받았고 꿀스틱은 처음인데 먹어보니 간편하고 맛있고 양도 적당 꾸준히 잘 챙겨먹고 떨어지면 또 살듯 양이 넉넉해 인심쓰기도 좋네요^^,옵션없음,sin******,2022.06.07,561,맛좋아요 ㅎㅎ해외배송인데도 일주일만에 받았고 꿀스틱은 처음인데 먹어보니 간편하고 맛있고 양도 적당 꾸준히 잘 챙겨먹고 떨어지면 또 살듯 양이 넉넉해 인심쓰기도 좋네요
호주산 유칼립투스 꿀스틱 250개입 대용량 3kg,"호주산유칼립투스 250개, 세어보진 않았지만 맞겠죠. 꿀이 진하고 깊은 맛이 있고 농도도 짙어요. 할인쿠폰 없으면 정말 가격이 만만찮은데... 염증이 잘 생기는 사람에게 좋고 면역력 강화에 좋다고 합니다.",옵션없음,lls***,2022.06.07,562,호주산유칼립투스 250개 세어보진 않았지만 맞겠죠. 꿀이 진하고 깊은 맛이 있고 농도도 짙어요. 할인쿠폰 없으면 정말 가격이 만만찮은데... 염증이 잘 생기는 사람에게 좋고 면역력 강화에 좋다고 합니다.
호주산 유칼립투스 꿀스틱 250개입 대용량 3kg,좋아요깔끔하게 터진거없이 배송 잘 왔네요,옵션없음,chy****,2022.06.07,557,좋아요깔끔하게 터진거없이 배송 잘 왔네요
호주산 유칼립투스 꿀스틱 250개입 대용량 3kg,어머니 보내드렸는데 맛이 진하시대요.사진도 보내주셨어요. 개별포장이라 휴대도 좋고 위생적일것 같아요. 천연꿀이니까 좋겠죠 배송도 생각보다 빠르네요,옵션없음,juh******,2022.06.07,561,어머니 보내드렸는데 맛이 진하시대요.사진도 보내주셨어요. 개별포장이라 휴대도 좋고 위생적일것 같아요. 천연꿀이니까 좋겠죠 배송도 생각보다 빠르네요
호주산 유칼립투스 꿀스틱 250개입 대용량 3kg,꿀맛입니다꿀맛입니다 빠른배송 감사합니다,옵션없음,cor*****,2022.06.07,549,꿀맛입니다꿀맛입니다 빠른배송 감사합니다
호주산 유칼립투스 꿀스틱 250개입 대용량 3kg,잘받았습니다하나도 안터지고 잘왔어요,옵션없음,iro*******,2022.06.07,542,잘받았습니다하나도 안터지고 잘왔어요
호주산 유칼립투스 꿀스틱 250개입 대용량 3kg,만족합니다만족합니다 만족합니다,옵션없음,yaw*,2022.06.07,522,만족합니다만족합니다 만족합니다
호주산 유칼립투스 꿀스틱 250개입 대용량 3kg,잘 받았어요한번 구매하고 주변 나눠주려고 또 샀어요,옵션없음,dew***,2022.05.08,667,잘 받았어요한번 구매하고 주변 나눠주려고 또 샀어요
호주산 유칼립투스 꿀스틱 250개입 대용량 3kg,만족해요박스로 된거랑 같이 재구매합니다 만족해요,옵션없음,k47****,2022.04.24,779,만족해요박스로 된거랑 같이 재구매합니다 만족해요
호주산 유칼립투스 꿀스틱 250개입 대용량 3kg,휴대하기좋아요.맛이 찐합니다.그래서 초딩 아이가 ㅜㅜ 거부해요. 전 맛있는젱.,옵션없음,smh*****,2022.04.20,758,휴대하기좋아요.맛이 찐합니다.그래서 초딩 아이가 ㅜㅜ 거부해요. 전 맛있는젱.
호주산 유칼립투스 꿀스틱 250개입 대용량 3kg,꿀호주산토종벌꿀스틱 먹기편안하네요,옵션없음,ssm****,2022.04.17,727,꿀호주산토종벌꿀스틱 먹기편안하네요
호주산 유칼립투스 꿀스틱 250개입 대용량 3kg,잘 받았어요잘 받았어요~ 스틱꿀 간편하고 좋아요,옵션없음,dew***,2022.04.12,766,잘 받았어요잘 받았어요 스틱꿀 간편하고 좋아요
호주산 유칼립투스 꿀스틱 250개입 대용량 3kg,좋아요.종이박스가 조금 찟어졌지만 이상없네요,옵션없음,kim*******,2022.04.10,743,좋아요.종이박스가 조금 찟어졌지만 이상없네요
호주산 유칼립투스 꿀스틱 250개입 대용량 3kg,잘받았습니다배송빠르고 제품도 만족합니다,옵션없음,mul****,2022.04.03,785,잘받았습니다배송빠르고 제품도 만족합니다
호주산 유칼립투스 꿀스틱 250개입 대용량 3kg,잘 받았습니다잘받았습니다 맛있어요!!!,옵션없음,lac*******,2022.03.15,821,잘 받았습니다잘받았습니다 맛있어요
호주산 유칼립투스 꿀스틱 250개입 대용량 3kg,잘먹고있어요~최근들어 넘 피곤하고 잇몸질환도 자꾸 생겨서 주문해서 먹었는데 역시 피곤이 덜하네요,옵션없음,cmh****,2023.07.26,55,잘먹고있어요최근들어 넘 피곤하고 잇몸질환도 자꾸 생겨서 주문해서 먹었는데 역시 피곤이 덜하네요
호주산 유칼립투스 꿀스틱 250개입 대용량 3kg,시럽 대신 사용하기위해 샀어요시럽 대신 사용하기위해 샀어요 아아에 쓰으윽 강추요,옵션없음,rid******,2023.07.13,91,시럽 대신 사용하기위해 샀어요시럽 대신 사용하기위해 샀어요 아아에 쓰으윽 강추요
호주산 유칼립투스 꿀스틱 250개입 대용량 3kg,괜찮아요하나씩 포장돼 있어 먹기 좋아요,옵션없음,can*****,2023.06.20,156,괜찮아요하나씩 포장돼 있어 먹기 좋아요
호주산 유칼립투스 꿀스틱 250개입 대용량 3kg,간편하게 먹기 좋아요휴대하기 좋고 무엇보다 품질이 괜찬아요,옵션없음,ins*****,2023.05.31,212,간편하게 먹기 좋아요휴대하기 좋고 무엇보다 품질이 괜찬아요
호주산 유칼립투스 꿀스틱 250개입 대용량 3kg,좋아요좋은 상품 좋은 가격에 판매해 주셔서 감사합니다.,옵션없음,gi1****,2023.05.14,259,좋아요좋은 상품 좋은 가격에 판매해 주셔서 감사합니다.
호주산 유칼립투스 꿀스틱 250개입 대용량 3kg,너무좋습니다완전 잘 먹고있어요 재주문했어요,옵션없음,as3*****,2023.04.12,320,너무좋습니다완전 잘 먹고있어요 재주문했어요
호주산 유칼립투스 꿀스틱 250개입 대용량 3kg,잘받았어요아이가 쓰는거라서 신경이 쓰였는데 좋아요,옵션없음,gml******,2023.04.06,327,잘받았어요아이가 쓰는거라서 신경이 쓰였는데 좋아요
호주산 유칼립투스 꿀스틱 250개입 대용량 3kg,잘받았습니다맛있어요 요거트에 뿌려서 먹어요,옵션없음,coo*****,2023.03.19,367,잘받았습니다맛있어요 요거트에 뿌려서 먹어요
호주산 유칼립투스 꿀스틱 250개입 대용량 3kg,맛있게 잘먹고 있습니다.맛있게 잘먹고 있습니다.,옵션없음,rpm*****,2023.03.18,376,맛있게 잘먹고 있습니다.맛있게 잘먹고 있습니다.
호주산 유칼립투스 꿀스틱 250개입 대용량 3kg,진하고 먹기 편해서 좋아요.국내 스틱꿀 많이 사다가 처음주문했는데 양이 생각보다 적네요. 개별포장이라 휴대가 좋은데 이지컷에 익숙해서인지 뜯기 불편하고 입에 닿는거라 비닐과 인쇄부분을 빨아먹기가 영~~~ 찜찜하네요. 꿀맛은 괜찮은편이고 향도 거북함이없어요. 포장만 개선되면 좋을듯,옵션없음,mus******,2023.02.18,449,진하고 먹기 편해서 좋아요.국내 스틱꿀 많이 사다가 처음주문했는데 양이 생각보다 적네요. 개별포장이라 휴대가 좋은데 이지컷에 익숙해서인지 뜯기 불편하고 입에 닿는거라 비닐과 인쇄부분을 빨아먹기가 영 찜찜하네요. 꿀맛은 괜찮은편이고 향도 거북함이없어요. 포장만 개선되면 좋을듯
호주산 유칼립투스 꿀스틱 250개입 대용량 3kg,250개.정확해요냉동실 넣었다가 꿀젤리로 먹으니.완전 쫀득하고 맛나요,옵션없음,hah****,2023.01.27,523,250개.정확해요냉동실 넣었다가 꿀젤리로 먹으니.완전 쫀득하고 맛나요
호주산 유칼립투스 꿀스틱 250개입 대용량 3kg,맛있어요완전 맛있어요 믿고 먹어봅니다,옵션없음,hom*****,2023.01.25,531,맛있어요완전 맛있어요 믿고 먹어봅니다
호주산 유칼립투스 꿀스틱 250개입 대용량 3kg,간편편하게 낱개 포장이어서 젛아요,옵션없음,sbk******,2023.01.20,576,간편편하게 낱개 포장이어서 젛아요
호주산 유칼립투스 꿀스틱 250개입 대용량 3kg,너무 만족 합니다양도 많고 간편하게 가지고 다닐수 있어 만족합니다,옵션없음,don****,2023.01.20,572,너무 만족 합니다양도 많고 간편하게 가지고 다닐수 있어 만족합니다
호주산 유칼립투스 꿀스틱 250개입 대용량 3kg,.감사합니다 감사합니다,옵션없음,dkf*****,2023.01.16,595,.감사합니다 감사합니다
호주산 유칼립투스 꿀스틱 250개입 대용량 3kg,맛도 좋아요.믿고 먹는데 츠은디 겨울 딱입니다.,옵션없음,hai*****,2022.12.16,710,맛도 좋아요.믿고 먹는데 츠은디 겨울 딱입니다.
호주산 유칼립투스 꿀스틱 250개입 대용량 3kg,감사합니다.감사합니다.감사합니다.감사합니다.,옵션없음,sea******,2022.12.09,672,감사합니다.감사합니다.감사합니다.감사합니다.
호주산 유칼립투스 꿀스틱 250개입 대용량 3kg,꾸준히꾸준히 잘먹고 있어요 고딩 아들이 더 좋아합니다,옵션없음,chy****,2022.12.07,576,꾸준히꾸준히 잘먹고 있어요 고딩 아들이 더 좋아합니다
호주산 유칼립투스 꿀스틱 250개입 대용량 3kg,굿처음인데 먹어보고 있어요,옵션없음,ohj******,2022.12.07,583,굿처음인데 먹어보고 있어요
호주산 유칼립투스 꿀스틱 250개입 대용량 3kg,배송빠르고 좋아요재구매합니다. 저렴하게 잘 구매했습니다 감사합니다,옵션없음,cmh**,2022.12.06,575,배송빠르고 좋아요재구매합니다. 저렴하게 잘 구매했습니다 감사합니다
호주산 유칼립투스 꿀스틱 250개입 대용량 3kg,호주산꿀스틱250개재구매했는데 역시 맛있어요 가격도 저렴하게 구매해서 좋아요,옵션없음,aga****,2022.11.30,396,호주산꿀스틱250개재구매했는데 역시 맛있어요 가격도 저렴하게 구매해서 좋아요
호주산 유칼립투스 꿀스틱 250개입 대용량 3kg,향향이 진함~~~~~~~~~,옵션없음,K21******,2022.10.28,390,향향이 진함
호주산 유칼립투스 꿀스틱 250개입 대용량 3kg,포장이 아쉬워요내용품은 좋은데 포장이 아쉬워요. 박스 안에 물건이 덩그러니… 박스 하나만 더 쌌거나 안쪽에 비닐팩 하나만 있었어도 좋았을텐데.. 해외배송 특성상 무게 때문이겠죠??? 꿀만 두고 본다면 맛이 좋아요. 개수는 조금 부족해도 너무 많아 괜찮다 생각했어요.,옵션없음,ohp****,2022.10.26,404,포장이 아쉬워요내용품은 좋은데 포장이 아쉬워요. 박스 안에 물건이 덩그러니 박스 하나만 더 쌌거나 안쪽에 비닐팩 하나만 있었어도 좋았을텐데.. 해외배송 특성상 무게 때문이겠죠 꿀만 두고 본다면 맛이 좋아요. 개수는 조금 부족해도 너무 많아 괜찮다 생각했어요.
호주산 유칼립투스 꿀스틱 250개입 대용량 3kg,좋아요좋아요 아주좋아요 ㅋㅋ,옵션없음,jkd****,2022.10.25,385,좋아요좋아요 아주좋아요 ㅋㅋ
호주산 유칼립투스 꿀스틱 250개입 대용량 3kg,삼삼맘휴대가 간편하고 꿀이 진하고 너무좋네요,옵션없음,jds*****,2022.10.06,352,삼삼맘휴대가 간편하고 꿀이 진하고 너무좋네요
호주산 유칼립투스 꿀스틱 250개입 대용량 3kg,그냥저냥그냥저냥 그래요 추천합니다,옵션없음,p92*****,2022.09.30,370,그냥저냥그냥저냥 그래요 추천합니다
호주산 유칼립투스 꿀스틱 250개입 대용량 3kg,꿀스틱꿀이진하고맛있어요 간편스틱이라들고다니기도편안하네요,옵션없음,l94****,2022.09.28,394,꿀스틱꿀이진하고맛있어요 간편스틱이라들고다니기도편안하네요
호주산 유칼립투스 꿀스틱 250개입 대용량 3kg,추천맛은좋네요 잘먹겟네여,옵션없음,dms******,2022.09.27,376,추천맛은좋네요 잘먹겟네여
호주산 유칼립투스 꿀스틱 250개입 대용량 3kg,오래 기다렸지만 맛있어요.양도 괜찮고 맛있어요. 가격만 좀더 저렴하면 또 시켜먹을것 같아요.,옵션없음,k2s****,2022.09.25,353,오래 기다렸지만 맛있어요.양도 괜찮고 맛있어요. 가격만 좀더 저렴하면 또 시켜먹을것 같아요.
호주산 유칼립투스 꿀스틱 250개입 대용량 3kg,맛있어요^^쿠폰으로 저렴하게 구입했어요 맛도 맛있고 아이가 좋아합니다 재구매의사 100%롭니다,옵션없음,pia***,2022.09.15,376,맛있어요쿠폰으로 저렴하게 구입했어요 맛도 맛있고 아이가 좋아합니다 재구매의사 100롭니다
호주산 유칼립투스 꿀스틱 250개입 대용량 3kg,맛있고 편해요진짜 꿀맛입니다. 인공설탕 맛 아니고 진해요,옵션없음,efu****,2022.09.13,382,맛있고 편해요진짜 꿀맛입니다. 인공설탕 맛 아니고 진해요
호주산 유칼립투스 꿀스틱 250개입 대용량 3kg,좋아요신랑이 다른꿀은 먹으면 어깨가 결린다고 잘안먹는데 유칼립투스꿀은 좋은가봐요 또 재구매합니다,옵션없음,chy****,2022.09.07,384,좋아요신랑이 다른꿀은 먹으면 어깨가 결린다고 잘안먹는데 유칼립투스꿀은 좋은가봐요 또 재구매합니다
호주산 유칼립투스 꿀스틱 250개입 대용량 3kg,좋아요주문 12일만에 받음 남편 장염에 도움 되라고 구입했어요,옵션없음,saf*****,2022.08.26,371,좋아요주문 12일만에 받음 남편 장염에 도움 되라고 구입했어요
호주산 유칼립투스 꿀스틱 250개입 대용량 3kg,완전저렴히 완전잘샀어요너무맛있고좋아요 먹기도 너무편하구요,옵션없음,soa******,2022.08.19,373,완전저렴히 완전잘샀어요너무맛있고좋아요 먹기도 너무편하구요
호주산 유칼립투스 꿀스틱 250개입 대용량 3kg,굿싸게 잘산거 같아요,옵션없음,kar***,2022.08.17,371,굿싸게 잘산거 같아요
호주산 유칼립투스 꿀스틱 250개입 대용량 3kg,너무 만족합니다너무 만족합니다 다음에재구매백프로입니다,옵션없음,qor****,2022.07.05,460,너무 만족합니다너무 만족합니다 다음에재구매백프로입니다
호주산 유칼립투스 꿀스틱 250개입 대용량 3kg,빠른 배송 감사합니다빠른 배송 감사합니다,옵션없음,qlq*****,2022.06.11,491,빠른 배송 감사합니다빠른 배송 감사합니다
호주산 유칼립투스 꿀스틱 250개입 대용량 3kg,뭐뭐~맛은 그냥그래요...쫌후회돠ㅣ네요,옵션없음,ord***,2022.06.09,467,뭐뭐맛은 그냥그래요...쫌후회돠ㅣ네요
호주산 유칼립투스 꿀스틱 250개입 대용량 3kg,몸에 좋은 꿀 또 주문할께요.할인 또 해주세여 또 주문할께여 강추 강추,옵션없음,shi*******,2022.06.08,478,몸에 좋은 꿀 또 주문할께요.할인 또 해주세여 또 주문할께여 강추 강추
호주산 유칼립투스 꿀스틱 250개입 대용량 3kg,좋아요좋아요하루한개씩~~~좋아요좋아요 좋아요,옵션없음,h66*****,2022.06.07,491,좋아요좋아요하루한개씩좋아요좋아요 좋아요
호주산 유칼립투스 꿀스틱 250개입 대용량 3kg,배송빠르고 좋아요저렴하게 잘 구매했습니다.,옵션없음,cmh**,2022.06.07,475,배송빠르고 좋아요저렴하게 잘 구매했습니다.
호주산 유칼립투스 꿀스틱 250개입 대용량 3kg,효과있길....효과있길기대해보며....ㅋ 급노화?를 막아준다고 방송에서떠드는걸보고 구매하게됐음다ㅋ,옵션없음,syo****,2022.06.03,507,효과있길....효과있길기대해보며....ㅋ 급노화를 막아준다고 방송에서떠드는걸보고 구매하게됐음다ㅋ
꿀먹은 한라산 제주 벌꿀 스틱 50개입,꿀먹은그릭요거트에 먹으니 너무 좋은듯,옵션없음,lil*****,2023.07.19,63,꿀먹은그릭요거트에 먹으니 너무 좋은듯
꿀먹은 한라산 제주 벌꿀 스틱 50개입,맛있어요소포장이라 편하게 먹을 수 있어요. 휴대하기도 편해요.,옵션없음,bab*******,2023.07.17,66,맛있어요소포장이라 편하게 먹을 수 있어요. 휴대하기도 편해요.
꿀먹은 한라산 제주 벌꿀 스틱 50개입,좋아요저렴하게 잘샀어요 쟁여놓기,옵션없음,kyu******,2023.07.09,88,좋아요저렴하게 잘샀어요 쟁여놓기
꿀먹은 한라산 제주 벌꿀 스틱 50개입,좋아요저렴하게 잘샀어요 쟁여놓기,옵션없음,kyu******,2023.07.09,87,좋아요저렴하게 잘샀어요 쟁여놓기
꿀먹은 한라산 제주 벌꿀 스틱 50개입,벌꿀 스틱맛있고 좋아요 맛있고 좋아요,옵션없음,jun*****,2023.05.19,205,벌꿀 스틱맛있고 좋아요 맛있고 좋아요
꿀먹은 한라산 제주 벌꿀 스틱 50개입,빠른배송 감사합니다예전에 먹던 기억으로 주문했는데 설탕덩어리가 입에서 맴돌아서 조금 실망~~,옵션없음,hlk**,2023.05.08,245,빠른배송 감사합니다예전에 먹던 기억으로 주문했는데 설탕덩어리가 입에서 맴돌아서 조금 실망
꿀먹은 한라산 제주 벌꿀 스틱 50개입,배송빠르고상품만족해요배송빠르고상품만족해요,옵션없음,jhj***,2023.04.24,277,배송빠르고상품만족해요배송빠르고상품만족해요
꿀먹은 한라산 제주 벌꿀 스틱 50개입,ㅇ잘 받았습니다. 휴대하기 좋아요.,옵션없음,sjs***,2023.04.14,296,ㅇ잘 받았습니다. 휴대하기 좋아요.
꿀먹은 한라산 제주 벌꿀 스틱 50개입,ㅎ꿀먹은 한라산 제주 벌꿀스틱 먹고 힘낼려구요,옵션없음,unu***,2023.04.13,296,ㅎ꿀먹은 한라산 제주 벌꿀스틱 먹고 힘낼려구요
꿀먹은 한라산 제주 벌꿀 스틱 50개입,맛과 향이 좋아요.제주도 벌꿀은 처음 사보는데 상세 설명을 보니 믿음이 갔어요. 10포~20포 정도만 사려고 했는데 쿠폰 두 개 써서 부담없는 가격에 50포 샀어요. 이 자체로 한 포씩 먹는 것이 가장 좋은 것 같아요. 얼음물에 타서 시원하게 마시려면 넉넉하게 몇 봉지 더 넣어야 할 것 같아요. 스마일 배송이라서 빨리 도착하고 유통기한이 넉넉해서 좋아요.,옵션없음,eks*******,2023.04.12,296,맛과 향이 좋아요.제주도 벌꿀은 처음 사보는데 상세 설명을 보니 믿음이 갔어요. 10포20포 정도만 사려고 했는데 쿠폰 두 개 써서 부담없는 가격에 50포 샀어요. 이 자체로 한 포씩 먹는 것이 가장 좋은 것 같아요. 얼음물에 타서 시원하게 마시려면 넉넉하게 몇 봉지 더 넣어야 할 것 같아요. 스마일 배송이라서 빨리 도착하고 유통기한이 넉넉해서 좋아요.
꿀먹은 한라산 제주 벌꿀 스틱 50개입,벌꿀스틱제주도 벌꿀이어서 그런지 귤 꿀맛이 조금 나는것 같네요 맛있습니다,옵션없음,jun*****,2023.03.25,328,벌꿀스틱제주도 벌꿀이어서 그런지 귤 꿀맛이 조금 나는것 같네요 맛있습니다
꿀먹은 한라산 제주 벌꿀 스틱 50개입,선물용으로 구입했어요^^선물하려는데 봉투가 없어 아쉽네요 생각보다 작긴한데 먹어보니 맛있어요^^,옵션없음,han*****,2023.01.14,487,선물용으로 구입했어요선물하려는데 봉투가 없어 아쉽네요 생각보다 작긴한데 먹어보니 맛있어요
꿀먹은 한라산 제주 벌꿀 스틱 50개입,좋아요^^그림에는 쇼핑백이 있어서 제공되는줄 알았는데 없어서 좀 아쉽네요. 그래도 쿠폰으로 저렴히 구매했어요^^,옵션없음,han*****,2023.01.13,480,좋아요그림에는 쇼핑백이 있어서 제공되는줄 알았는데 없어서 좀 아쉽네요. 그래도 쿠폰으로 저렴히 구매했어요
꿀먹은 한라산 제주 벌꿀 스틱 50개입,좋아요좋아요 ㅎㅎ 좋아요 ㅎㅎ 좋아요,옵션없음,sin******,2022.09.28,641,좋아요좋아요 ㅎㅎ 좋아요 ㅎㅎ 좋아요
꿀먹은 한라산 제주 벌꿀 스틱 50개입,좋네요 ㅎㅎ 감사합니다좋네요 ㅎㅎ 감사합니다,옵션없음,you****,2023.05.09,248,좋네요 ㅎㅎ 감사합니다좋네요 ㅎㅎ 감사합니다
