0	1		
솥밥	1682		
키트	1278		
전복	942		
	265	요리	
소스	265		
재료	241		
문어	222		
	208	컬리	
냄비	198		
정말	194		
완성	192		
채소	191		
	186	국내	
조리	180		
인분	178		
	174	친환경	
진짜	174		
장어	172		
	171	마켓	
구매	168		
인생	164		
추천	163		
준비	159		
소고기	157		
생각	157		
육수	148		
프로필	140		
하나	138		
메뉴	137		
전복장	135		
정도	134		
반찬	131		
셰프	131		
아주	130		
사용	130		
버섯	130		
먹기	129		
	128	시간	
배송	125		
한우	120		
우리	120		
그냥	120		
	120	저녁	
버터	118		
주문	116		
가지	114		
밥솥	114		
제품	114		
오늘	112		
	111	취사	
다음	108		
	108	냉동	
불고기	106		
레시피	105		
바로	104		
포장	103		
한번	101		
음식	101		
마이	101		
이번	101		
판매	101		
고기	97		
하루	97		
요즘	96		
전기밥솥	95		
조금	93		
	93	남편	
트러플	93		
손질	92		
김치	91		
양념	89		
솥밥밀	88		
처음	88		
완전	88		
	88	가격	
	88	친구	
만들기	87		
구성	86		
명란	85		
간장	84		
해먹	83		
	82	사진	
때문	82		
표고버섯	81		
맛집	81		
도미	81		
	81	아침	
보고	80		
	80	아이	
사람	80		
후기	80		
할인	80		
	79		수린
밥상	79		
시작	79		
방법	78		
역시	78		
마리	77		
이제	76		
재생	75		
	75	엄마	
	73	선물	
여기	72		
스테이크	70		
추가	70		
	70	카페	
사골	69		
직접	69		
야채	69		
	68	집밥	
꼬막	68		
쪽파	67		
전복죽	67		
백미	67		
느낌	67		
	67	간편	
돼지	67		
	66	사랑	
그릇	65		
뚝딱	65		
	65	점심	
식탁	65		
칼국수	65		
테이블	65		
내장	64		
콜린스	64		
위로	64		
	62	보관	
	62	제주	
마음	62		
먼저	61		
밀키	61		
건강	61		
상품	61		
뚜껑	60		
일상	60		
살짝	60		
최고	60		
프레	60		
양념장	59		
치즈	59		
최상급	58		
계란	58		
나물	58		
사실	58		
	58	다이닝	
결제	58		
파스타	58		
	57	보양식	
마지막	57		
다시	56		
위해	55		
	55	여행	
더욱	55		
불로	54		
동안	54		
	54	영양	
다른	54		
보기	54		
다시마	54		
생선	54		
스타	54		
꼬꼬	54		
조리법	53		
듬뿍	53		
미나리	53		
	53	여름	
국수	53		
그대로	52		
새우	51		
	50	캠핑	
양파	50		
오일	50		
자주	50		
	50	유기농	
	49	완도	
	49	가족	
제거	49		
동봉	49		
가득	49		
세트	48		
일기	48		
기분	48		
입맛	47		
	47	식당	
돼지고기	47		
냉장	46		
모두	46		
모든	46		
과정	46		
리뷰	46		
	46	혼자	
가리비	46		
누룽지	45		
고민	45		
미리	45		
당근	45		
식사	45		
	44	주말	
들기름	44		
포스팅	43		
대파	43		
	43	공구	
김밥	43		
이용	42		
라이스	42		
커피	42		
걱정	41		
지단	41		
지역	41		
	41	날씨	
냉장고	40		
박스	40		
배달	40		
사서	39		
지금	39		
해동	39		
블로그	38		
접기	38		
이야기	38		
세상	38		
우브	38		
마늘	38		
아래	38		
	38	산간	
참고	37		
인덕션	37		
	37	아기	
옥수수	37		
	37	이웃	
	37	슈퍼	
계속	37		
가루	37		
기록	36		
진행	36		
가장	36		
해물	36		
	36	오빠	
	36	주간	
약간	35		
라면	35		
십리	35		
원래	35		
이상	35		
물기	35		
키친	35		
찹쌀	35		
용기	34		
혹시	34		
거의	34		
건조	34		
	34	탄현	
간이	33		
별로	33		
식감	33		
	33	방문	
닭고기	33		
선택	32		
이건	32		
	32	소개	
기준	32		
간단	32		
네이버	32		
고추	32		
부추	32		
사이즈	32		
	32	벌교	
도전	31		
설명	31		
안심	31		
냄새	31		
참기름	31		
정보	31		
버튼	31		
쿠폰	31		
조합	31		
	31	회사	
일단	30		
구입	30		
포함	30		
부분	30		
정기	30		
소라	30		
	30	언니	
무료	30		
들깨	30		
압력밥솥	29		
식품	29		
활용	29		
필요	29		
조절	29		
볶음	29		
삼치	29		
토마토	29		
와사비	29		
세척	28		
오픈	28		
제일	28		
제공	28		
저희	28		
종류	28		
택배	28		
멸치	28		
연어	28		
매콤	28		
	28	식단	
	28		분당
크기	27		
하니	27		
상태	27		
구이	27		
	27	일본	
	27	쇼핑	
갑자기	27		
매일	27		
애호박	27		
얼마나	26		
비법	26		
언제	26		
	26	어머님	
정리	26		
뭔가	26		
샐러드	26		
벌써	26		
소금	26		
	26	취향	
갈비	26		
기능	26		
트리플	26		
보오	26		
기대	25		
기본	25		
비주	25		
기름	25		
	25	새벽	x
시지	25		
참외	25		
국물	24		
	24	이유	
감칠맛	24		
고명	24		
항상	24		
무조건	24		
미가	24		
어디	24		
조림	24		
치킨	24		
솥밥쯔유	24		
오느른	24		
솥밥죽	23		
	23		해도
유통	23		
매장	23		
오징어	23		
	23	별미	
	23	고급	
일주일	23		
별도	23		
	23	경북	
재배	23		
	23	이벤트	
두부	23		
통신	23		
포도	23		
무엇	22		
	22	보신	
	22	경우	
성품	22		
	22	평소	
한식	22		
작업	22		
수제	22		
대신	22		
광고	22		
	22		차려
찌개	22		
확인	22		
출시	22		
핏물	22		
	22	생일	
검색	22		
고등어	22		
공간	22		
	21	국산	
예정	21		
	21	끼니	
비교	21		
일반	21		
부어	21		
제대로	21		
링크	21		
기도	21		
초당	21		
사장	21		
그린	21		
자체	21		
연구소	21		
마카	21		
예약	21		
미역국	21		
어묵	21		
구경	21		
	21	한국	
	21		호시노
내외	21		
청정	20		
누구	20		
대한	20		
오히려	20		
	20	전통	
마무리	20		
얼마	20		
중간	20		
가끔	20		
크게	20		
달라	20		
가게	20		
그것	20		
해결	20		
감동	20		
한국인	20		
산지	20		
	20	신혼부부	
농약	20		
	20	월요일	
	20	간편식	
풍년	20		
피자	20		
사고	20		
떡볶이	20		
	20	병원	
	20	요가	
	19	손님	
완료	19		
덕분	19		
자연	19		
먹음	19		
업체	19		
은근	19		
온라인	19		
종종	19		
무려	19		
물이	19		
모모	19		
발견	19		
와인	19		
케이크	19		
프리	19		
	19	서울	
스프	19		
매운탕	19		
나름	18		
	18	프리미엄	
비빔밥	18		
작성	18		
푸드	18		
도착	18		
무쇠	18		
소비	18		
은행	18		
문제	18		
나중	18		
퇴근	18		
	18	외식	
영농	18		
결과	18		
가기	18		
	18	부부	
브랜드	18		
	18	생일상	
관리	18		
하트	18		
	18	건강검진	
나니	18		
출근	18		
머리	18		
올리브	18		
쿠첸	18		
요건	17		
진공	17		
	17	식구	
패키지	17		
	17	마트	
통째	17		
이기	17		
편이	17		
전날	17		
	17	야외	
정신	17		
쾌속	17		
채수	17		
송송	17		
복사	17		
지난주	17		
아이템	17		
	17	동네	
된장	17		
	17	도시락	
감자	17		
참치	17		
가능	17		
	17	퀄리티	
제철	17		
대박	17		
가면	17		
솔직	17		
어제	17		
인증	17		
살림	17		
꿀밥	17		
미니	17		
에어	17		
산책	17		
접시	17		
부위	17		
라떼	17		
서울대	17		
샌드위치	17		
오월	17		
	16	집들이	
	16	자취	
파우치	16		
달달	16		
기술	16		
설거지	16		
매우	16		
랍니	16		
고생	16		
등등	16		
고해	16		
행복	16		
청양고추	16		
노포	16		
도움	16		
보시	16		
당일	16		
바람	16		
개인	16		
지은	16		
서나	16		
다운	16		
생강	16		
복숭아	16		
딸기	16		
클릭	16		
카카오	16		
	16	오전	
카레	16		
절임	16		
튀김	16		
우럭	16		
살이	15		
	15	똥손	
아이스팩	15		
	15	정성	
고추장	15		
순간	15		
미역	15		
수도	15		
유지	15		
솔솔	15		
가열	15		
	15	결혼	
얼음	15		
	15	동생	
거리	15		
종이컵	15		
플라스틱	15		
필수	15		
각종	15		
	15	통영	
농산물	15		
	15	강원도	
플레이	15		
봉지	15		
쿠킹	15		
롯데	15		
전화	15		
브로	15		
압력	15		
나무	15		
이전	15		
전문	15		
토요일	15		
우유	15		
생활	15		
두루치기	15		
짜장	15		
크림	15		
	15	목요일	
도넛	15		
비쥬	14		
해역	14		
만점	14		
설탕	14		
저번	14		
코로나	14		
꿀맛	14		
쫄깃	14		
예전	14		
해산물	14		
자기	14		
소리	14		
관심	14		
포인트	14		
컬러	14		
만큼	14		
주차	14		
인기	14		
일정	14		
백화점	14		
인용	14		
연휴	14		
	14	일요일	
살전	14		
네모	14		
	14	벚꽃	
재미	14		
바삭	14		
만남	14		
살림살이	14		
	14	수요일	
	14	오후	
잔뜩	14		
아이스크림	14		
바다장어	14		
김제	14		
윤기	13		
	13	육아	
아이스박스	13		
마침	13		
격리	13		
품종	13		
넣기	13		
중량	13		
인터넷	13		
바닥	13		
코팅	13		
인스타	13		
스토어	13		
양도	13		
거기	13		
비닐	13		
자마자	13		
	13	밥맛	
통해	13		
지인	13		
중불	13		
서비스	13		
서재	13		
기억	13		
초대	13		
나머지	13		
볶음밥	13		
밥심	13		
블랙	13		
과일	13		
사과	13		
계절	13		
영상	13		
점점	13		
주먹밥	13		
	13	여름철	
일부	13		
려고	13		
거래	13		
	13	추억	
	13	안주	
한잔	13		
근처	13		
단골	13		
제제	13		
카츠	13		
출처	12		
환절기	12		
간식	12		
조미료	12		
혼족	12		
제왕	12		
서포터즈	12		
무슨	12		
로부터	12		
	12	청산도	
마치	12		
보이	12		
가운데	12		
올해	12		
	12	신혼	
주신	12		
내용물	12		
스타일	12		
소식	12		
몇개	12		
다행	12		
신청	12		
카드	12		
본격	12		
공유	12		
전부	12		
전문점	12		
홍게	12		
스키야키	12		
	12	강릉	
콩나물	12		
위생	12		
	12	시댁	
유튜브	12		
오아시스	12		
해썹	12		
성공	12		
주방	12		
바질	12		
	12	화요일	
모음	12		
수육	12		
	12	생신	
계란말이	12		
당면	12		
디저트	12		
야식	12		
그때	12		
대체	12		
	12	분위기	
오리	12		
	12	정통	
	12	운동	
디자인	12		
	12	아빠	
송이버섯	12		
우정	12		
두번째	12		
팟타이	12		
	12	한남동	
	12	여름향기	
수련	12		
거나	11		
	11	부모님	
이빨	11		
구성은	11		
전자레인지	11		
우선	11		
선별	11		
고시히카리	11		
밀폐	11		
애기	11		
메인	11		
쿠쿠	11		
지난	11		
날짜	11		
잡채	11		
뚝배기	11		
시장	11		
	11	성인	
이름	11		
	11	보양	
연근	11		
간다	11		
만족	11		
위치	11		
합법	11		
엄선	11		
요새	11		
대충	11		
절대	11		
기간	11		
기타	11		
신경	11		
분량	11		
느타리버섯	11		
슬로푸드	11		
모양	11		
사이	11		
토핑	11		
엣홈	11		
항생제	11		
프라이어	11		
책임	11		
제조	11		
온도	11		
맥주	11		
깻잎	11		
천원	11		
곶감	11		
쌀국수	11		
	11	후식	
	11	공원	
아이엠	11		
하늘	11		
영화	11		
최선	11		
평생	11		
	11	금요일	
시도	10		
	10	대접	
실속	10		
식도	10		
산이	10		
일이	10		
	10	둘이서	
기호	10		
득템	10		
내용	10		
	10		분만
밥통	10		
톡톡	10		
게다가	10		
실로	10		
어보	10		
	10	체험	
기한	10		
심플	10		
지난번	10		
수가	10		
기운	10		
죽순	10		
타임	10		
비빔	10		
얼른	10		
건가	10		
존맛	10		
싱싱	10		
예찬	10		
가자미	10		
전국	10		
처럼	10		
대로	10		
화이트	10		
보통	10		
적립금	10		
	10	행사	
칭찬	10		
최저	10		
여러가지	10		
껍질	10		
	10	바다	
	10	우리나라	
부터	10		
주물	10		
김치찌개	10		
사리	10		
	10	복날	
솥밥용	10		
매력	10		
유부초밥	10		
매번	10		
본문	10		
받침	10		
알루미늄	10		
품절	10		
	10	아들	
먹거리	10		
세라믹	10		
자리	10		
묵은지	10		
스시	10		
짬뽕	10		
삼겹살	10		
후추	10		
현미	10		
	10	미국	
	10	춘천시	
퇴계로	10		
	10	강원	
건설	10		
	10	회관	
중개	10		
당사자	10		
의무	10		
만두	10		
헬로	10		
네이처	10		
가이세키	10		
여유	10		
백년	10		
꾸러미	10		
	10	제주도	
소품	10		
타고	10		
종양	10		
가슴	10		
투뿔	10		
다리	10		
	10	부산	
	10		산들
오피스	10		
자신	9		
수확	9		
	9	어른	
가구	9		
쿠팡	9		
전용	9		
	9	남자	
이후	9		
쌀밥	9		
가스	9		
장기간	9		
문의	9		
조미	9		
모습	9		
특별	9		
사면	9		
종이	9		
고춧가루	9		
생산	9		
심지어	9		
특제	9		
대서	9		
일찍	9		
의사	9		
차이	9		
비밀	9		
불리	9		
휴무	9		
살살	9		
배송비	9		
간도	9		
데이	9		
스마트	9		
전혀	9		
다가	9		
포기	9		
우엉	9		
케이스	9		
신제품	9		
그동안	9		
밑반찬	9		
	9	휴가	
기적	9		
일품	9		
굳이	9		
	9	데이트	
옛날	9		
소화	9		
짜파게티	9		
개별	9		
꼬치	9		
베이글	9		
구독	9		
부랴부랴	9		
와중	9		
다음주	9		
자고	9		
블챌	9		
가을	9		
단백질	9		
떡갈비	9		
드립	9		
자전거	9		
친정	9		
장소	9		
도서관	9		
감자칩	9		
오류	9		
진통	9		
공감	8		
남해	8		
색소	8		
워낙	8		
우려	8		
	8	여자	
	8	직원	
최근	8		
영업	8		
대요	8		
무척	8		
안보	8		
개월	8		
	8	페스티벌	
잘못	8		
분해	8		
실패	8		
	8	어머니	
여러분	8		
이서	8		
내내	8		
애용	8		
고객	8		
채끝	8		
직전	8		
계란후라이	8		
타우	8		
전체	8		
맞이	8		
촬영	8		
호박	8		
과연	8		
유환	8		
농부	8		
발송	8		
현재	8		
금액	8		
아이디	8		
당신	8		
잠깐	8		
이나	8		
경험	8		
후리	8		
이미지	8		
육즙	8		
성게	8		
양배추	8		
이면	8		
원형	8		
소세지	8		
채널	8		
는걸	8		
자꾸	8		
용량	8		
옵션	8		
강추	8		
남아	8		
수량	8		
	8	판교	
	8	경기도	
젓갈	8		
초코	8		
게시	8		
호랑이	8		
순두부	8		
하이	8		
감성	8		
물가	8		
소시지	8		
그게	8		
나야	8		
금지	8		
공복	8		
	8	캠핑장	
목살	8		
미슐랭	8		
토스트	8		
	8	여의도	
최애	8		
헤헤	8		
요거트	8		
스푼	8		
	8	결혼식	
소비자	8		
사정	8		
산채	8		
소로	8		
양해	8		
현대	8		
오이	8		
브런치	8		
출고	8		
순대	8		
가야	8		
노래	8		
힐링	8		
인테리어	8		
검사	8		
유행	8		
한지	8		
	8	조카	
스팸	8		
	8	겨울	
주심	8		
미트볼	8		
소파	8		
대기	8		
아그라	8		
하우스	8		
부침개	8		
탐방	7		
위주	7		
영양식	7		
따라서	7		
복은	7		
칼슘	7		
철분	7		
조만간	7		
코스	7		
대비	7		
개발	7		
환경	7		
오븐	7		
단계	7		
활동	7		
요런	7		
엽서	7		
보아	7		
이동	7		
장점	7		
깜짝	7		
주관	7		
보냉	7		
	7		집도
자랑	7		
다해	7		
특유	7		
절로	7		
거치	7		
군침	7		
양은	7		
세기	7		
큐브	7		
작가	7		
신선도	7		
가마솥	7		
차돌박이	7		
해당	7		
	7	편의점	
주걱	7		
계획	7		
용해	7		
프라이팬	7		
쓰레기	7		
요리사	7		
감사	7		
면서	7		
된장찌개	7		
시즌	7		
게장	7		
제작	7		
정식	7		
본점	7		
신사동	7		
요밀	7		
	7	아시아	
기념	7		
산소	7		
장어구이	7		
특허	7		
최초	7		
제안	7		
기전	7		
오일이	7		
품질	7		
계약	7		
잠시	7		
	7	초복	
결정	7		
계량	7		
지방	7		
셀프	7		
스텐	7		
노릇	7		
	7	혼밥	
상큼	7		
올리브유	7		
밀착	7		
센터	7		
수준	7		
그릴	7		
	7	신랑	
광화문	7		
	7	시부모	
음료	7		
까치	7		
장보기	7		
망고	7		
감자전	7		
돈까스	7		
금방	7		
만능	7		
강아지	7		
기존	7		
쭈꾸미	7		
통밀	7		
발생	7		
바퀴	7		
동영상	7		
칼로리	7		
레스토랑	7		
순삭	7		
티비	7		
탄수화물	7		
장수	7		
과즙	7		
등록	7		
퀵프레쉬	7		
냉면	7		
갈비살	7		
도산	7		
쿠키	7		
제육	7		
성수	7		
고양이	7		
안녕	7		
한강	7		
매트	7		
이사	7		
황태	7		
	7	할머니	
구리	7		
입구	7		
침대	7		
연습	7		
클린	7		
더랩	7		
	7	인사	
	7	나들이	
죽음	7		
죽산면	7		
토막	7		
고슬고슬	6		
영양가	6		
주기	6		
무방	6		
효능	6		
효과	6		
정가	6		
상세	6		
전기	6		
일지	6		
표고	6		
다만	6		
가스레인지	6		
	6	시골	
도둑	6		
숨구멍	6		
회복	6		
둘째	6		
굿굿	6		
섭취	6		
만원	6		
비록	6		
	6	아저씨	
최소	6		
고둥	6		
일도	6		
경력	6		
지도	6		
그림	6		
싹싹	6		
대부분	6		
생수	6		
블로거	6		
당황	6		
센스	6		
달걀	6		
협찬	6		
	6	다이어트	
궁합	6		
당장	6		
보충	6		
서울특별시	6		
시중	6		
현실	6		
얘기	6		
댓글	6		
가성	6		
부담	6		
간간	6		
노랑	6		
물회	6		
평가	6		
민어	6		
마감	6		
단호박	6		
방식	6		
음식점	6		
비용	6		
픽업	6		
	6	강릉시	
대게	6		
주소	6		
주스	6		
이내	6		
또한	6		
수업	6		
잔파	6		
하나로	6		
리필	6		
엄지	6		
다집	6		
가입	6		
모드	6		
색감	6		
미소	6		
몇번	6		
할부	6		
던데	6		
육우	6		
인지	6		
패션	6		
컵라면	6		
마저	6		
낙지	6		
제외	6		
평일	6		
간만	6		
	6	말복	
가요	6		
공식	6		
후디	6		
열무김치	6		
진심	6		
홍보	6		
박지	6		
검정	6		
화가	6		
쫑쫑	6		
냉털	6		
건더기	6		
올리브오일	6		
앞뒤	6		
베이컨	6		
조각	6		
핸드폰	6		
젓가락	6		
유해	6		
물질	6		
개국	6		
우드	6		
페이	6		
우지	6		
로만	6		
노력	6		
대량	6		
좀더	6		
런가	6		
블루베리	6		
자세	6		
수고	6		
한참	6		
	6	학교	
일어나서	6		
냉동고	6		
떡국	6		
통깨	6		
작고	6		
베스트셀러	6		
진리	6		
발라	6		
골뱅이	6		
쉐프	6		
닭꼬치	6		
블루	6		
거지	6		
은비	6		
의미	6		
라이	6		
프로젝트	6		
사부	6		
레이	6		
	6	사무실	
내일	6		
요것	6		
입산	6		
참깨	6		
입금	6		
농협	6		
구름	6		
첨가	6		
만두국	6		
파우더	6		
바닐라	6		
수료	6		
	6	사무소	
버스	6		
	6	회식	
분명	6		
얼굴	6		
수다	6		
문자	6		
동치미	6		
콩나물국	6		
깡통	6		
가로	6		
진단	6		
마다	6		
베이커리	6		
스콘	6		
후무스	6		
동반	6		
레몬에이드	6		
부지	6		
	6	외할아버지	
정자역	6		
쫑꾸	6		
낱개	6		
무차	6		
드라이브	6		
마약	6		
옥돔	6		
앙금	6		
노출	6		
프로	5		
숭늉	5		
베이스	5		
조회	5		
준비물	5		
부제	5		
미각	5		
눈치	5		
쫄깃쫄깃	5		
이모	5		
믿음	5		
의심	5		
실제	5		
소재	5		
대략	5		
첫째	5		
어차피	5		
목표	5		
초보	5		
외출	5		
아마	5		
이틀	5		
미로	5		
관련	5		
입안	5		
쫀득	5		
저울	5		
주의	5		
여러	5		
포테이토	5		
설정	5		
페이지	5		
물의	5		
최대한	5		
체크	5		
시기	5		
난이도	5		
절반	5		
요게	5		
사기	5		
강불	5		
	5	저녁밥	
공동	5		
인천	5		
사이트	5		
문화	5		
대추	5		
어가	5		
팔팔	5		
단맛	5		
숟가락	5		
군위군	5		
민물장어	5		
바지락	5		
대표	5		
리얼	5		
그램	5		
아시	5		
분리	5		
문해	5		
여기저기	5		
세번	5		
욕심	5		
무압	5		
단위	5		
맑은	5		
와우	5		
어쩌면	5		
클래식	5		
트러블	5		
사이드	5		
버무린	5		
일식집	5		
호불호	5		
설연휴	5		
강력	5		
기장	5		
신세계	5		
자연드림	5		
예술	5		
만이	5		
유명	5		
언박싱	5		
상상	5		
프로그램	5		
프라이	5		
붓기	5		
타우린	5		
아미노산	5		
안해	5		
아예	5		
고소	5		
난리	5		
중인	5		
반드시	5		
왼쪽	5		
오른쪽	5		
닭갈비	5		
압력솥	5		
전달	5		
연속	5		
리스트	5		
손색	5		
다그	5		
환상	5		
건물	5		
번호	5		
사도	5		
손잡이	5		
부착	5		
잭슨	5		
페퍼로니	5		
스티커	5		
초밥	5		
	5	보약	
시설	5		
내기	5		
번은	5		
	5	새댁	
체중	5		
노트	5		
취미	5		
처리	5		
양고기	5		
합리	5		
급식	5		
후라이팬	5		
라이프	5		
잠실	5		
초마	5		
겉바	5		
햇반	5		
무난	5		
찌게	5		
쓰기	5		
레몬	5		
핑크	5		
시리즈	5		
실망	5		
지속	5		
성장	5		
당첨	5		
녀석	5		
오니	5		
웨이	5		
	5	아침밥	
방목	5		
계좌	5		
결재	5		
살얼음	5		
동동	5		
감각	5		
장아찌	5		
여섯시	5		
감탄	5		
럼블	5		
스파게티	5		
공부	5		
눈물	5		
종일	5		
지하	5		
선생님	5		
경기	5		
팝업	5		
고집	5		
아울렛	5		
진행중	5		
신상	5		
버거	5		
최종	5		
젤리	5		
시절	5		
약속	5		
성분	5		
갈바니	5		
작년	5		
이상은	5		
패밀리	5		
도안	5		
살때	5		
허벅지	5		
베리	5		
속도	5		
충격	5		
스트랩	5		
당분간	5		
설국	5		
자동	5		
학원	5		
미노	5		
말로	5		
한판	5		
차로	5		
나이	5		
오브	5		
돼지갈비	5		
	5	테라스	
짜증	5		
상담사	5		
주변	5		
서울숲	5		
비빔국수	5		
이케아	5		
굴맨	5		
화덕	5		
입원	5		
가위	4		
공기	4		
도저히	4		
나볼	4		
상차림	4		
개봉	4		
환영	4		
장바구니	4		
차리기	4		
만약	4		
찰떡	4		
박싱	4		
벼꽃향	4		
연구	4		
스튜디오	4		
수분	4		
무상	4		
핑갈	4		
여분	4		
손상	4		
압축	4		
안쪽	4		
러너	4		
스틱	4		
프렌즈	4		
자유	4		
햄버거	4		
번쩍	4		
수령	4		
오지	4		
라서	4		
영양분	4		
꼴깍	4		
살포시	4		
만둣국	4		
고기랑	4		
코인	4		
밀가루	4		
특수	4		
밥그릇	4		
한식당	4		
실온	4		
호기심	4		
수수료	4		
애정	4		
요물	4		
장도	4		
밥밥	4		
요일	4		
표기	4		
탄생	4		
이참	4		
지장	4		
사려	4		
주시	4		
요청	4		
확장	4		
세월	4		
쇼핑몰	4		
고센	4		
한층	4		
업그레이드	4		
마케팅	4		
그다음	4		
실수	4		
말씀	4		
회원	4		
일일이	4		
트라고	4		
방부제	4		
귀요미	4		
갱얼쥐	4		
달력	4		
숟갈	4		
시선	4		
주전자	4		
소원	4		
그레이	4		
한정	4		
계량컵	4		
찬스	4		
주부	4		
미션	4		
하라	4		
칼집	4		
환불	4		
실행	4		
기회	4		
한성	4		
묶음	4		
패셔니	4		
홈쇼핑	4		
순서대로	4		
적응	4		
메세지	4		
비비	4		
명절	4		
냉동식품	4		
쟁여놓	4		
야들야들	4		
전북	4		
장보고	4		
산다	4		
소바	4		
사지	4		
마을	4		
출발	4		
직장인	4		
마블링	4		
불만	4		
어서	4		
트집	4		
안뇽	4		
손수	4		
천도	4		
	4	점심시간	
찍기	4		
거실	4		
실내	4		
무지	4		
중복	4		
삼계탕	4		
기절	4		
천국	4		
고루	4		
곱창	4		
밥물	4		
지식	4		
열전	4		
트라니	4		
헤이즐넛	4		
후다닥	4		
점도	4		
초무	4		
어소	4		
굴소스	4		
신하	4		
진밥	4		
밀크	4		
시판	4		
의견	4		
용도	4		
전골	4		
주방용품	4		
마제	4		
안전	4		
모델	4		
살구	4		
색도	4		
달콤	4		
포토	4		
레드	4		
동시	4		
모임	4		
	4	홈파티	
대해	4		
시스템	4		
중이	4		
풍요롭	4		
착착	4		
지원	4		
웰츠	4		
타워	4		
재질	4		
장면	4		
엔나	4		
브릭	4		
토마토소스	4		
엽기	4		
주로	4		
급속	4		
팽이버섯	4		
순두부찌개	4		
짐빔	4		
상속	4		
비리	4		
스트레스	4		
밍밍	4		
재택근무	4		
테크	4		
명란젓	4		
羔	4		
비엔나	4		
식이	4		
식비	4		
후쿠오카	4		
수로	4		
톳솥밥	4		
전자렌지	4		
사료	4		
오리고기	4		
함유	4		
홍대	4		
면도	4		
지중해	4		
코리아	4		
밥집	4		
각자	4		
깊이	4		
마리네이드	4		
차지	4		
비건	4		
각각	4		
전이	4		
아가	4		
연남	4		
라운드	4		
이마트	4		
레이더스	4		
도씨	4		
도구	4		
술안주	4		
피부	4		
티롤	4		
손톱	4		
서빙	4		
베터	4		
공개	4		
표정	4		
대우	4		
오분	4		
은밀	4		
상공	4		
발굴	4		
공인	4		
사업	4		
대화	4		
반응	4		
너븐재	4		
포크	4		
비타민	4		
식초	4		
주얼리	4		
목걸이	4		
실버	4		
시대	4		
강의	4		
발달	4		
년전	4		
새해	4		
신고	4		
그날	4		
달리	4		
폭발	4		
혜택	4		
채끝살	4		
수리	4		
숙주	4		
유리잔	4		
봉투	4		
순대볶음	4		
파도	4		
식용유	4		
지경	4		
케이	4		
왜케	4		
버전	4		
더욱더	4		
합산	4		
안나	4		
구석	4		
무한	4		
교육	4		
딤섬	4		
파이	4		
달이	4		
운전	4		
실화	4		
시킴	4		
핵심	4		
파주	4		
참드	4		
특급	4		
라이트	4		
피디	4		
피로	4		
음성	4		
된거	4		
도리	4		
아파트	4		
청국장	4		
뉴스	4		
어린이	4		
지갑	4		
참나물	4		
야구	4		
오뎅	4		
마요네즈	4		
굽굽	4		
돼지국밥	4		
국밥	4		
카톡	4		
돈키호테	4		
맥스	4		
섬유	4		
탈취	4		
자석	4		
현관	4		
허리	4		
제로	4		
가치	4		
서프라이즈	4		
부실	4		
끄덕	4		
개시	4		
라이딩	4		
아무	4		
교환	4		
미세먼지	4		
김치전	4		
빈대떡	4		
다짐	4		
동물	4		
출연자	4		
에피소드	4		
핸드	4		
홀린	4		
네일	4		
서대신동	4		
부라타	4		
생크림	4		
빼빼로	4		
해장	4		
인도	4		
풀무원	4		
케	4		
올리브영	4		
린지	4		
메론	4		
해물파전	4		
수박	4		
하리보	4		
훈제	4		
스토리	4		
유산	4		
판다	4		
배경	4		
애견	4		
산책길	4		
울산	4		
화이트와인	4		
성수동	4		
훠궈	4		
애초	4		
손주	4		
할아버지	4		
독일	4		
생맥	4		
땀땀	4		
현궁	4		
고깃집	4		
햇살	4		
템퍼	4		
여행가	4		
	4	아버님	
클럽	4		
대하	4		
투어	4		
오브젝트	4		
구류	4		
워니	4		
전시	4		
주차장	4		
형태	4		
노미	4		
충전	4		
꼬리	4		
차차	4		
뮤지컬	4		
	4	펜션	
에어팟	4		
법랑	4		
아코	4		
수유	4		
나시	4		
필독	4		
아이폰	4		
사파리	4		
안드로이드	4		
체제	4		
크롬	4		
접속	4		
슈퍼마켓	4		
밸브	4		
스마트폰	4		
볼림	4		
성비	4		
설깃	3		
설깃살	3		
핏기	3		
등심	3		
용이	3		
보더	3		
마련	3		
	3	이유식	
	3	워킹맘	
도로	3		
후각	3		
거부	3		
추석	3		
손맛	3		
유채	3		
취나물	3		
향쌀	3		
숙성	3		
모락모락	3		
컴퍼니	3		
인간	3		
간직	3		
서서	3		
형제	3		
세명	3		
거짓말	3		
태고	3		
신분	3		
일환	3		
고요	3		
내년	3		
헌혈	3		
쪽지	3		
서이추	3		
고가	3		
죽도	3		
고약	3		
불안	3		
농민	3		
이이이	3		
무시	3		
치트키	3		
물건	3		
정상	3		
솔솥	3		
생기	3		
누르기	3		
메뉴인	3		
서로	3		
다인	3		
고통	3		
만해	3		
두시	3		
소한	3		
요원	3		
수저	3		
계란노른자	3		
실파	3		
어쩜	3		
공차	3		
오프라인	3		
밀봉	3		
쓱쓱	3		
안양	3		
달걀노른자	3		
짭쪼롬	3		
배출	3		
서도	3		
정성껏	3		
쭉쭉	3		
이세	3		
감격	3		
브레이크	3		
하단	3		
어도	3		
독서	3		
법도	3		
가량	3		
얌얌얌	3		
감기	3		
오구	3		
밥스	3		
광교	3		
갤러리아	3		
샤브샤브	3		
진가	3		
소진	3		
사전	3		
소통	3		
변화	3		
요구	3		
업무	3		
철회	3		
방어	3		
조개	3		
이지	3		
부탁	3		
요다음	3		
놀러와	3		
인스타그램	3		
숯불	3		
운영	3		
공휴일	3		
방송	3		
대가	3		
수정	3		
플루	3		
마케터	3		
전문가	3		
자격증	3		
표지	3		
첨부	3		
준후	3		
밥위	3		
추정	3		
증정	3		
실물	3		
솥밥해	3		
소멸	3		
요정	3		
한가지	3		
테두리	3		
무늬	3		
메이드	3		
최대	3		
이집	3		
밑바닥	3		
꼬숩	3		
국룰	3		
모래	3		
진흥	3		
비대	3		
답변	3		
단독	3		
스포츠	3		
다양	3		
집앞	3		
예상	3		
정량	3		
가시	3		
따름	3		
식기	3		
쿠킹박스	3		
리까	3		
공존	3		
궁리	3		
	3	친정엄마	
중년	3		
동결	3		
두께	3		
용법	3		
생산자	3		
향기	3		
오늘이	3		
드릴	3		
초등학생	3		
평야	3		
검수	3		
좌르르	3		
뿌리	3		
종가	3		
보장	3		
용돈	3		
피드	3		
붙이	3		
비도	3		
출근길	3		
창가	3		
홀짝	3		
호텔	3		
잇님들	3		
어찌	3		
부들	3		
고서	3		
단지	3		
래서	3		
적용	3		
술술	3		
단백	3		
백합	3		
길이	3		
마리나	3		
진수	3		
성찬	3		
고백	3		
시금치	3		
파라	3		
인상	3		
양으로	3		
후회	3		
모듬	3		
부디	3		
춘천	3		
기프트	3		
특징	3		
초벌	3		
높이	3		
내부	3		
세팅	3		
문구	3		
와디	3		
목록	3		
총각김치	3		
브리	3		
과육	3		
신선	3		
플랫폼	3		
해주시	3		
마포구	3		
프로모션	3		
외관	3		
약국	3		
자신감	3		
유리	3		
모서리	3		
실리콘	3		
해피	3		
코타바	3		
비빔면	3		
양상추	3		
푸딩	3		
네스프레소	3		
대한민국	3		
주일	3		
짝꿍	3		
안내	3		
로그	3		
세계	3		
직화	3		
태국	3		
키위	3		
파티	3		
믹스	3		
화성	3		
땡초	3		
녹차	3		
색깔	3		
거저	3		
휴대	3		
일치	3		
출장	3		
킬러	3		
쟁여두	3		
파랑	3		
리기	3		
레인	3		
아유	3		
탈리아	3		
탈레	3		
지배	3		
남부	3		
테이스티	3		
후배	3		
불맛	3		
로움	3		
한창	3		
넷플릭스	3		
여태	3		
거품	3		
배려	3		
전분	3		
하루하루	3		
상온	3		
지퍼	3		
자극	3		
찐빵	3		
연락	3		
과거	3		
권장	3		
갤럭시	3		
남자친구	3		
재고	3		
밥알	3		
코크	3		
호다닥	3		
즐거움	3		
흥미	3		
나오니	3		
계란찜	3		
리플렛	3		
보지	3		
증가	3		
강남구	3		
오스트리아	3		
핸들	3		
질감	3		
스위스	3		
해외	3		
미모	3		
쥬얼	3		
상황	3		
닭목	3		
바베큐	3		
강남	3		
타로	3		
핑거	3		
예뿌	3		
제이	3		
직장	3		
랜덤	3		
안정	3		
확보	3		
소상	3		
영양학	3		
아이스	3		
쌈밥	3		
바디	3		
드레서	3		
필터	3		
교체	3		
니트	3		
깜놀	3		
캠트	3		
오렌지	3		
차마	3		
간초	3		
고이	3		
오덴세	3		
반복	3		
아우	3		
컵누	3		
이드	3		
코스터	3		
라며	3		
머그	3		
출동	3		
뒷모습	3		
	3	크리스마스	
풍선	3		
트리	3		
주행	3		
당시	3		
친노	3		
땅콩	3		
즉석	3		
발전	3		
계산	3		
입사	3		
만족감	3		
지정	3		
유치원	3		
제발	3		
	3	저녁식사	
	3	신혼집	
더위	3		
생면	3		
겨자	3		
백김치	3		
냉국	3		
어쩐지	3		
방울	3		
궁채	3		
위드	3		
스텝	3		
시라	3		
쿠스	3		
시럽	3		
휴직	3		
목장	3		
자료	3		
준밀	3		
새우젓	3		
목전	3		
일일	3		
마산	3		
출하	3		
응원	3		
쯔유	3		
트친	3		
차원	3		
탈출	3		
르쿠르제같	3		
자부	3		
누가	3		
중국	3		
강사	3		
노을	3		
멘탈	3		
부동산	3		
대장	3		
미식	3		
전업	3		
문화생활	3		
커플	3		
상봉	3		
테라로사	3		
직구	3		
초록색	3		
미용실	3		
내사	3		
불판	3		
불향	3		
한눈	3		
특등	3		
오직	3		
뷰티	3		
주가	3		
드라마	3		
졸맛	3		
바지	3		
마무	3		
웃기	3		
파파존스	3		
이구	3		
카페인	3		
면수	3		
아아	3		
제법	3		
주성분	3		
바나나	3		
소주	3		
리코	3		
코타	3		
어우리	3		
축하	3		
얼그레이	3		
잠봉뵈르	3		
피티	3		
예매	3		
커서	3		
주도	3		
맥도날드	3		
사각	3		
브라	3		
축구	3		
순식간	3		
김장	3		
며칠	3		
식물	3		
주기도	3		
다이소	3		
의약품	3		
화장	3		
개정	3		
요긴	3		
얼룩	3		
수납	3		
통증	3		
반품	3		
시트	3		
계단	3		
패드	3		
아줌마	3		
집중	3		
스윗	3		
인터뷰	3		
조그만	3		
장비	3		
행벅	3		
이제야	3		
꽈리	3		
꿀잠	3		
확대	3		
갈비찜	3		
열무	3		
에프	3		
방울토마토	3		
평택시	3		
커리	3		
겨우	3		
남한	3		
산성	3		
백숙	3		
브레드	3		
꽈배기	3		
유산균	3		
한주	3		
어머님께	3		
텃밭	3		
비치	3		
진작	3		
심부름	3		
망원	3		
소르베	3		
아보카도	3		
만찬	3		
긴자	3		
짜슐랭	3		
정작	3		
간장게장	3		
경상도	3		
연고	3		
걷기	3		
산책로	3		
풍경	3		
쥬스	3		
마카롱	3		
수산시장	3		
퍼스	3		
쇼룸	3		
원피스	3		
과자	3		
오라	3		
만난	3		
스텀	3		
마나	3		
루틴	3		
페리	3		
나인	3		
그녀	3		
발도	3		
단점	3		
우산	3		
초등학교	3		
상승	3		
잔치	3		
장인	3		
매트릭스	3		
타인	3		
임신	3		
헬스장	3		
증말	3		
철쭉	3		
바게트	3		
장조림	3		
쵸리	3		
조심	3		
사브	3		
표현	3		
티켓	3		
유튜버	3		
대전	3		
성심당	3		
농사	3		
누룽	3		
쌈장	3		
겨를	3		
골프	3		
스크린	3		
타령	3		
제격	3		
오코노미	3		
가츠오부시	3		
공장	3		
인건비	3		
농장	3		
특란	3		
상주	3		
티타임	3		
록스	3		
자갈치	3		
결론	3		
덩어리	3		
메타세콰이어	3		
방명록	3		
소문	3		
알바	3		
고동	3		
덩이	3		
유린	3		
오믈렛	3		
풀바셋	3		
면허증	3		
시원	3		
퇴근길	3		
검진	3		
덕덕덕	3		
스피커	3		
이스	3		
탐탐	3		
프레즐	3		
홈스	3		
타르	3		
미감	3		
출산	3		
베이비페이스	3		
고향	3		
외래	3		
무통	3		
남짓	3		
백설기	3		
싱입니	2		
타지	2		
눌었	2		
널봄맘	2		
띵동	2		
현대인	2		
극찬	2		
요오드	2		
영양소	2		
항암	2		
비위	2		
yy	2		
차림	2		
배민	2		
달동	2		
리키	2		
입문	2		
저기	2		
전라북도	2		
신규	2		
단어	2		
발효	2		
지라	2		
내열	2		
이정	2		
눈금	2		
타이머	2		
귤섬	2		
생존	2		
무언가	2		
장제	2		
행시	2		
냉기	2		
우므	2		
연년생	2		
쌀알	2		
양쪽	2		
주어	2		
나혼자산다	2		
유아식	2		
식성	2		
복도	2		
엄빠	2		
이따	2		
집안	2		
대면	2		
주위	2		
나눔	2		
여서	2		
솥밥위	2		
생명	2		
스티로폼	2		
거뭇거뭇	2		
어마	2		
주장	2		
쓰시	2		
대구	2		
수비드	2		
의향	2		
자도	2		
에이미	2		
컨디션	2		
마찬가지	2		
도중	2		
외부	2		
청결	2		
뭉치	2		
가미	2		
복제	2		
코멘트	2		
평상시	2		
생전	2		
복장	2		
앞쪽	2		
맛밀	2		
함쌀	2		
짭쪼름	2		
설렁탕	2		
수표	2		
아날로그	2		
갈망	2		
매쉬	2		
반죽	2		
주인공	2		
이즈	2		
후고	2		
요요	2		
녹지	2		
얼룩말	2		
식장	2		
정액	2		
남도	2		
애꽃	2		
식물성	2		
베스트	2		
자반	2		
선호	2		
무리	2		
메리트	2		
맛김치	2		
위례	2		
지나	2		
아버지	2		
기력	2		
설계	2		
대도	2		
정점	2		
뭐징	2		
재작년	2		
듯이	2		
기지	2		
돌솥밥	2		
돌솥	2		
조일	2		
보온	2		
요리법	2		
반숙	2		
이영자	2		
스토	2		
참장어	2		
가오리	2		
쥐치	2		
흑점	2		
보리	2		
횟감	2		
매년	2		
요금	2		
기획	2		
거절	2		
대의	2		
런칭	2		
번길	2		
조기	2		
다시금	2		
노량진	2		
더더	2		
시각	2		
오감	2		
단촐	2		
궁금	2		
분리수거	2		
굴향	2		
굴밥	2		
부계면	2		
법인	2		
전화번호	2		
설날	2		
변동	2		
인물	2		
대기업	2		
취득	2		
장사	2		
전략	2		
분점	2		
옆면	2		
파의	2		
게더	2		
파로	2		
인후	2		
맛술	2		
인정	2		
연기	2		
김이랑	2		
입시	2		
으뜸	2		
몸통	2		
여간	2		
솥밭	2		
복의	2		
맹물	2		
쪼꼬	2		
퇴사	2		
재주	2		
알록달록	2		
시험	2		
상의	2		
시점	2		
투입	2		
비율	2		
팔고	2		
사두	2		
불의	2		
프랑스	2		
라스트	2		
모래주머니	2		
헤비	2		
꿀꿀	2		
돌이	2		
음악	2		
공연	2		
공지	2		
클래스	2		
업계	2		
좌표	2		
발급	2		
선언	2		
장보	2		
패셔너블	2		
상자	2		
재운	2		
뒤쌀	2		
버무려	2		
끝쿠킹	2		
날줄	2		
탁밀	2		
마크	2		
보이시	2		
밥쌀	2		
맛있쥬	2		
완벽	2		
기와	2		
바싹	2		
주식회사	2		
본가	2		
독립	2		
완결	2		
아침식사	2		
성장기	2		
베베	2		
달래	2		
오케이	2		
마쯔바	2		
품관	2		
초록	2		
일등	2		
생으로	2		
이쯤	2		
자락	2		
날인	2		
여럿	2		
건데	2		
도비	2		
지대	2		
슐랭슐랭	2		
끝솥밥	2		
통달	2		
투명	2		
고추냉이	2		
용어	2		
쇽쇽	2		
시계	2		
호강	2		
더하기	2		
답글	2		
바깥	2		
에어컨	2		
힙합	2		
레이블	2		
가수	2		
밥밀	2		
게임	2		
미안	2		
유툽	2		
이하	2		
지금껏	2		
적지	2		
순서	2		
가쓰오부시	2		
준뒤	2		
좔좔	2		
폭풍	2		
상이	2		
원기	2		
널리	2		
알리	2		
겉절이	2		
중수	2		
월계수	2		
통후추	2		
포화상태	2		
부도	2		
지문	2		
충무김밥	2		
둘둘	2		
정문	2		
동글동글	2		
제적	2		
파리	2		
연인	2		
세밀	2		
캐릭터	2		
여우	2		
니모	2		
팅용	2		
자투리	2		
부가	2		
트레이샷	2		
진밥파	2		
요약	2		
재활용	2		
남녀	2		
방기	2		
적극	2		
리뉴얼	2		
스텐솥	2		
효율	2		
구조	2		
번갈아	2		
터치	2		
구분	2		
서든	2		
다이얼	2		
화면	2		
한정식	2		
계란프라이	2		
다믈	2		
세팅해	2		
순위	2		
입장	2		
어플	2		
배너	2		
느타리	2		
웰컴	2		
대명사	2		
맞은편	2		
의원	2		
평점	2		
성남시	2		
분당구	2		
분당내곡로	2		
가라	2		
입가심	2		
전담	2		
요망	2		
희망이	2		
사각형	2		
실력	2		
올로	2		
차완판	2		
시리얼	2		
넷이	2		
무스	2		
초콜릿	2		
실컷	2		
흰둥이	2		
배구	2		
디카	2		
페인	2		
스타벅스	2		
라이브	2		
국도	2		
멘보샤	2		
기스면	2		
저작권법	2		
보호	2		
작성자	2		
무단	2		
배포	2		
답방	2		
계정	2		
일상생활	2		
인스턴트	2		
물류	2		
자숙	2		
가다랑어포	2		
굴쫄깃	2		
밸런스	2		
멘트	2		
상점	2		
정해	2		
음식물	2		
기왕	2		
일가	2		
나스	2		
월초	2		
진임	2		
골드	2		
실시간	2		
월드컵	2		
형식	2		
면세	2		
잡곡	2		
다른사람	2		
찬물	2		
권태기	2		
삼겹	2		
오차즈케	2		
우린	2		
반띵	2		
놋그릇	2		
방금	2		
탄산수	2		
현선	2		
일부러	2		
절약	2		
가계부	2		
장난	2		
짱아찌	2		
은하	2		
진생용	2		
어요	2		
추로	2		
벨라	2		
면제	2		
기후	2		
이탈리아	2		
안젤라	2		
패키징	2		
감탄사	2		
연발	2		
자국	2		
훌쩍	2		
러버	2		
소요	2		
고유	2		
전하	2		
호주	2		
공사	2		
트렌드	2		
파격할인	2		
가공	2		
절단	2		
조건	2		
통과	2		
납품	2		
함량	2		
응용	2		
육류	2		
구우	2		
채식	2		
타협	2		
라이프스타일	2		
양송이	2		
모에	2		
구비	2		
아보	2		
농가	2		
데리	2		
외할머니	2		
평이	2		
폐기	2		
올린다	2		
파슬리	2		
아래쪽	2		
연희	2		
도상	2		
광주	2		
스타우브	2		
만가	2		
무게	2		
술찜	2		
미도	2		
에코	2		
에피	2		
일전	2		
멤버십	2		
대상	2		
리지	2		
번데기	2		
절구	2		
공이	2		
절구질	2		
하진	2		
버너	2		
차례	2		
장갑	2		
주니	2		
다소	2		
생략	2		
얼추	2		
빈혈	2		
짜장면	2		
중국집	2		
난건	2		
중식	2		
주인	2		
데비	2		
혼텐	2		
숙수	2		
새록새록	2		
청담동	2		
치아	2		
웨어	2		
귀욤뽀짝	2		
오벌	2		
식빵	2		
스팟	2		
핑크색	2		
정글	2		
달링	2		
매월	2		
고정기	2		
가대	2		
앞다리	2		
살로	2		
중소기업	2		
판로	2		
명맥	2		
중소	2		
벤처기업	2		
실시	2		
우수	2		
가능성	2		
점포	2		
육성	2		
서후	2		
드릉드릉	2		
참으로	2		
드라이	2		
가든	2		
어쨌든	2		
열쩡열쩡열쩡	2		
요리왕	2		
커트	2		
이천	2		
야근	2		
안방	2		
워시	2		
잡고	2		
레트로	2		
웬일	2		
르하	2		
다과	2		
푸실리	2		
무화과	2		
미미	2		
의문	2		
무순	2		
해주	2		
뿌듯	2		
자알	2		
라락	2		
다스	2		
고스	2		
체력	2		
페페	2		
치노	2		
뿌셔	2		
본적	2		
틈새라면	2		
라페	2		
해장국	2		
서기	2		
색상	2		
일조	2		
저장	2		
라라	2		
툭툭	2		
타이	2		
왓디	2		
한편	2		
세분	2		
오뚜기	2		
해진	2		
서점가	2		
강타	2		
일본여행	2		
서점	2		
코너	2		
도서	2		
연한	2		
등교	2		
마주	2		
구해	2		
센티	2		
비계	2		
나은	2		
쌀겨	2		
금은	2		
베트남	2		
테스트	2		
취급	2		
빠에야	2		
원장	2		
계시	2		
습관	2		
결심	2		
마하	2		
농원	2		
착즙	2		
핫딜	2		
사업자	2		
판매업	2		
냉큼	2		
스스로	2		
꿀템	2		
초인종	2		
흰밥	2		
깜빡	2		
한낮	2		
이자	2		
임자	2		
슴슴	2		
평양	2		
살의	2		
마심	2		
수면	2		
고기만	2		
지방질	2		
전원	2		
돈내	2		
육개장	2		
적립	2		
고체	2		
곰돌이	2		
에스프레소	2		
드레싱	2		
막상	2		
마시기	2		
초보자	2		
베이	2		
모짜렐라	2		
새끼	2		
다크	2		
갈릭	2		
어니언	2		
페퍼	2		
유부	2		
남매	2		
기업	2		
작물	2		
영광	2		
액정	2		
장애	2		
무꼬	2		
부라보콘	2		
기침	2		
자가	2		
빼박	2		
증상	2		
근육통	2		
방안	2		
마냥	2		
아메리카노	2		
아트	2		
아쉬움	2		
테이크아웃	2		
샤워	2		
중독	2		
엘리	2		
허겁지겁	2		
성의	2		
중개사	2		
아나고	2		
타래	2		
우장	2		
탐험	2		
유자	2		
향연	2		
간짜장	2		
라멘	2		
모자	2		
다니엘	2		
실천	2		
수영	2		
통닭	2		
만세	2		
장마	2		
앨범	2		
레이서	2		
수경	2		
가젤	2		
가방	2		
축제	2		
대회	2		
냉삼	2		
설치	2		
환자	2		
개꿀잼	2		
모야	2		
도야	2		
하나로마트	2		
단풍	2		
슬리퍼	2		
시청	2		
바스	2		
민트	2		
슈퍼스토어	2		
고우리	2		
때마침	2		
보자기	2		
역할	2		
청주	2		
숙회	2		
일종	2		
콜레스테롤	2		
수치	2		
감소	2		
중심	2		
파트	2		
스킴	2		
지지	2		
구슬	2		
양제	2		
디엠	2		
어어	2		
파인애플	2		
그릭	2		
장화	2		
러그	2		
어둠	2		
취소	2		
눈데	2		
맛나	2		
버거킹	2		
대망	2		
류수영	2		
타코야끼	2		
용산	2		
아이파크몰	2		
리치	2		
꽃게탕	2		
까스	2		
빅마마	2		
기고	2		
갓김치	2		
칭구들	2		
한아름	2		
실용	2		
원두	2		
홍합	2		
집념	2		
동그라미	2		
팔이	2		
텐진	2		
다이코	2		
밸류	2		
리아	2		
드럭스토어	2		
요하	2		
건전지	2		
일동	2		
현지	2		
패치	2		
스테로이드	2		
알보칠	2		
그거	2		
산리오	2		
입욕	2		
토끼	2		
포식	2		
물결	2		
거꾸로	2		
구엽꾸	2		
짱짱맨	2		
쥬다	2		
변치	2		
시안	2		
칼질	2		
총총	2		
민초	2		
하프	2		
갤런	2		
쿠로	2		
스탈	2		
제빵	2		
칭구	2		
유Z	2		
수강생	2		
참여	2		
빈티	2		
넹초	2		
이츠	2		
감쟈랍니당	2		
어기	2		
초여름	2		
산부인과	2		
가디	2		
납작	2		
여비	2		
경사	2		
태그	2		
남지	2		
정이	2		
고아	2		
무색	2		
우삼겹	2		
요기	2		
훈제오리	2		
술집	2		
플랫	2		
심리테스트	2		
골목	2		
방이	2		
호들갑	2		
평냉	2		
면옥	2		
커녕	2		
얼레	2		
벌레	2		
우리동네	2		
피지	2		
무릎	2		
니퍼트	2		
간지	2		
스파	2		
필름	2		
카메라	2		
컴팩트	2		
공홈	2		
이스트	2		
함정	2		
차서	2		
빈터	2		
고구마	2		
잠옷	2		
염원	2		
소량	2		
근무	2		
서구	2		
파김치	2		
이성당	2		
카프레	2		
오므라이스	2		
양식	2		
누드	2		
교촌	2		
알콜	2		
맞벌이	2		
스프레드	2		
사본	2		
곰탕	2		
술친구	2		
호프	2		
하자	2		
동그랑땡	2		
부대찌개	2		
스케줄	2		
닭백숙	2		
동대문	2		
가가	2		
호캉스	2		
설빙	2		
통통	2		
포만	2		
디져트	2		
옆모습	2		
사토	2		
복자	2		
이소리	2		
호떡	2		
도미노피자	2		
칠리	2		
흐름	2		
아론	2		
김치볶음밥	2		
퓨레	2		
종로구	2		
새문안로	2		
목적지	2		
종현	2		
이모티콘	2		
저런	2		
긍정	2		
정시	2		
망원동	2		
크림소스	2		
슬로	2		
포은로	2		
폴바	2		
도우	2		
치즈케이크	2		
피자헛	2		
필라테스	2		
치과	2		
스벅	2		
로더	2		
뻑뻑	2		
닭볶음탕	2		
런닝맨	2		
남쪽	2		
지구	2		
겸사겸사	2		
흔적	2		
갈수록	2		
모이	2		
사냥	2		
군항제	2		
힐튼	2		
마미	2		
온몸	2		
클릿	2		
상처	2		
모먼트	2		
창원	2		
이별	2		
광명	2		
낮잠	2		
고등학교	2		
흐흐	2		
건너편	2		
휴식	2		
타일	2		
무니	2		
확신	2		
빵빵	2		
김포	2		
덩생	2		
메이크업	2		
서안	2		
팔도	2		
닭발	2		
무더위	2		
포크너	2		
모시	2		
핫플	2		
멋쟁이	2		
시스터	2		
혜미	2		
수지구청	2		
오픈런	2		
신애	2		
유엄	2		
엄브	2		
지미	2		
중국요리	2		
설화	2		
수지	2		
외국	2		
철렁	2		
오로라	2		
횟집	2		
래미	2		
술잔	2		
뭉클	2		
빅비비빅	2		
개포동	2		
앞동	2		
갔더랬다	2		
손녀	2		
아흔	2		
존경	2		
상콤	2		
서현	2		
집맛	2		
분식집	2		
등지	2		
가디언즈	2		
민수	2		
가로수길	2		
압구	2		
신사	2		
바잉	2		
시조	2		
딘코	2		
웨이팅	2		
시카고	2		
가봉	2		
구배	2		
입속	2		
창고	2		
한마디	2		
해바라기	2		
주구	2		
효녀	2		
심청	2		
애쁠망	2		
형부	2		
여운	2		
힌스	2		
회상	2		
육교	2		
남산	2		
어지러움	2		
격세지감	2		
난나	2		
파르페	2		
영혼	2		
원단	2		
사랑둥이	2		
키도	2		
초콜렛	2		
고산	2		
고등	2		
시보	2		
인수	2		
팀워매	2		
안타	2		
려면	2		
대동	2		
꿀팁	2		
건검	2		
수내동	2		
목욕탕	2		
의자	2		
폭우	2		
그야	2		
대모	2		
램프	2		
통창	2		
사위	2		
오해	2		
날애	2		
뜬금	2		
평촌	2		
시흥	2		
중점	2		
명동	2		
아지트	2		
조명	2		
네로	2		
보스턴	2		
우릴	2		
스리	2		
도토리국수	2		
산호	2		
반지	2		
장밋빛	2		
생생	2		
정보통	2		
궁내동	2		
코바	2		
뒤치	2		
살기	2		
투표	2		
퇴장	2		
미소시루	2		
수술	2		
런닝머신	2		
임산부	2		
헤드셋	2		
이해	2		
열매	2		
천지	2		
장미	2		
민음사	2		
특전	2		
방토	2		
안성	2		
메추리	2		
불구	2		
누리	2		
나라	2		
낭만	2		
질리	2		
접목	2		
알라	2		
엑스트라	2		
페스	2		
발사믹	2		
반려동물	2		
커트러리	2		
방앗간	2		
수세미	2		
제사	2		
사라	2		
아주머니	2		
본인	2		
홈페이지	2		
반대	2		
차돌	2		
진로	2		
토닉	2		
응대	2		
드링킹	2		
소갈비찜	2		
감나무	2		
녹색지대	2		
맑음	2		
중랑천	2		
한남	2		
라운딩	2		
습도	2		
연습장	2		
만끽	2		
어슬렁	2		
오코노미야끼	2		
상과	2		
동무	2		
막말	2		
소녀	2		
오이도	2		
행진	2		
소면	2		
수제비	2		
끝판	2		
흥생	2		
공동체	2		
김치부침개	2		
깨맛	2		
장국	2		
맛남	2		
은피	2		
사모님	2		
모닝	2		
비닐하우스	2		
염려	2		
키로	2		
몸매	2		
커피한잔	2		
모닝커피	2		
촉진	2		
샤인	2		
트럭	2		
술병	2		
강도	2		
두리	2		
텐트	2		
첫날	2		
소환	2		
군산	2		
해지	2		
도보	2		
고온	2		
손수건	2		
아야	2		
선생	2		
매일유업	2		
부텐	2		
둥구	2		
아몬드	2		
월화	2		
목금	2		
더랬	2		
회의	2		
성애자	2		
도토리묵	2		
의지	2		
스키	2		
성해	2		
셰도우	2		
명당	2		
면허	2		
갱신	2		
경찰서	2		
반납	2		
마리모	2		
스크램블	2		
식혜	2		
인식	2		
마침내	2		
삼청동	2		
작품	2		
감상	2		
경복궁	2		
천보	2		
청와대	2		
피크닉	2		
흑임자	2		
아애	2		
팔로워	2		
팔로잉	2		
자동차	2		
몰래	2		
늦잠	2		
자서	2		
딸아이	2		
고성	2		
차크라	2		
바닷가	2		
전공	2		
히노끼	2		
숙소	2		
호흡	2		
사나	2		
유정	2		
노곤	2		
플로우	2		
조식	2		
라즈베리	2		
브라우니	2		
신림	2		
일요	2		
빵가루	2		
리전	2		
의뢰	2		
쏙쏙	2		
북엇국	2		
완화	2		
바세린	2		
피어싱	2		
컨셉	2		
잡화	2		
산후조리	2		
돌입	2		
세탁	2		
인간극장	2		
활성화	2		
선정	2		
진료	2		
아홉시	2		
주사	2		
간호사	2		
병실	2		
면회	2		
향남	2		
오토	2		
구결	2		
제창	2		
통운	2		
일로	2		
고품격	2		
쟈기님들	2		
무기질	2		
검증	2		
각의	2		
박하	2		
지쿠	2		
탑재	2		
고압	2		
제어	2		
중압	2		
와이파이	2		
조작	2		
상관	2		
같음쿠첸	2		
굿굿집	2		
데집	2		
기껏	2		
척척	2		
모로	2		
드는쿠첸	2		
거위	2		
쫀득하	2		
직송	2		
제껀	2		
부재	2		
절실	2		
가다가	2		
이그리	2		
정성은	2		
모말	2		
는바	2		
임금님	2		
수라상	2		
꿀꺽	2		
예술인	2		
수야	2		
라가	2		
관점	2		
쪼매	2		
구애	2		
합집	2		
미취	2		
흡수	2		
알칼리	2		
균형	2		
하복	2		
동일	2		
육질	2		
올레	2		
포화지방산	2		
이아주	2		
다량	2		
불보	2		
집주인	2		
뿌듯뿌	2		
앱저	1		
이쁘쥬	1		
무생채	1		
오시	1		
려구	1		
일자	1		
양양	1		
원산지	1		
삼중	1		
예정일	1		
실감	1		
후라이드	1		
입가	1		
도통	1		
장식품	1		
장창	1		
찰나	1		
적격	1		
연상	1		
것각	1		
측면	1		
생쌀	1		
농업	1		
양인	1		
메라	1		
무인	1		
장흥	1		
스레	1		
지론	1		
선입견	1		
타파	1		
중요	1		
내한	1		
열탕	1		
소독	1		
기바	1		
촉촉꼬	1		
꼬들	1		
현기증	1		
머금	1		
쉐킷쉐킷간장	1		
흐릿하	1		
부족함	1		
마가린	1		
역대	1		
쌀맛	1		
찬양	1		
창작	1		
밍구	1		
허니	1		
개도	1		
글씨	1		
헹군	1		
빼주	1		
폴폴쨔란	1		
시마	1		
워드	1		
한여름	1		
중포	1		
이상무	1		
초초초초초초초	1		
위축	1		
취샤취샤취	1		
와이프	1		
반칙	1		
팩트	1		
무르	1		
끝내기	1		
봉당	1		
랏소	1		
전주	1		
맞팔	1		
겟겟정가	1		
특성	1		
우러	1		
파가	1		
끝저	1		
꾸욱밥	1		
맛있쨔	1		
연남동	1		
빠듯	1		
인색	1		
완도군	1		
다산	1		
우표	1		
점산	1		
엄지손가락	1		
액체	1		
이외	1		
열차	1		
탑승	1		
산글	1		
참조	1		
맴도	1		
특권	1		
모래내	1		
미래	1		
기약	1		
프리랜서	1		
성시경	1		
기내	1		
최고다	1		
사설	1		
본분	1		
망각	1		
고대로	1		
동서남북	1		
고슬	1		
차이점	1		
촬전복	1		
이밀	1		
가진동	1		
컵물	1		
분가	1		
노른	1		
사비	1		
키즈	1		
병아리	1		
귀차니즘	1		
더욱이	1		
진동	1		
여수	1		
아라하	1		
밥해	1		
클리어	1		
듀공	1		
조이	1		
쌀솥밥	1		
도의	1		
고수	1		
매각	1		
송파구	1		
위례광	1		
아이파크	1		
비뉴	1		
호일	1		
월금	1		
위례맘	1		
교차	1		
솔밭	1		
직감	1		
서향	1		
에피타이저	1		
여제	1		
여성	1		
안성맞춤	1		
드네	1		
업슴온	1		
화룡	1		
대애	1		
킬포	1		
마더	1		
막둥이	1		
한장	1		
몸보	1		
신용	1		
세로	1		
수기	1		
죄책감	1		
간소화	1		
죽지	1		
원픽	1		
엄두	1		
박솔미	1		
차예련	1		
이태곤	1		
연산	1		
회애줄	1		
시가	1		
회애	1		
전갱이	1		
숭어	1		
어획	1		
요전	1		
경매	1		
매스컴	1		
결단	1		
창구	1		
자부심	1		
제반	1		
런칭될대	1		
영역	1		
역량	1		
경로	1		
작업장	1		
인천광역시	1		
남동구	1		
싱싱회예찬	1		
구월동	1		
특대	1		
진시	1		
법밀	1		
서두	1		
성하	1		
전자	1		
렌즈	1		
서위	1		
키조개	1		
날갯살	1		
꼭지	1		
관자	1		
싸가지	1		
팔면	1		
분다	1		
밭솥	1		
르쿠르제	1		
청각	1		
촉각	1		
리빙	1		
오드리	1		
굴철	1		
왜냐면	1		
단촐함	1		
거임	1		
드림	1		
경상북도	1		
신화	1		
면류	1		
가인	1		
솔드아웃	1		
장간	1		
초당동	1		
장정식	1		
김유	1		
장모님	1		
전수	1		
원칙	1		
장대	1		
언급	1		
상업	1		
전직	1		
온라인마케팅	1		
사이버대	1		
상권	1		
분석	1		
소호	1		
사관학교	1		
기정진	1		
브랜딩	1		
알못	1		
서식	1		
쫑쫑쫑	1		
자비	1		
애프터	1		
얼렁둥땅	1		
음번	1		
합격	1		
현금	1		
약사	1		
약학	1		
산활	1		
칫솔	1		
통전	1		
고무	1		
변질	1		
서사	1		
훅훅	1		
게다	1		
명심	1		
죄송	1		
쌍둥이	1		
역마살	1		
내지	1		
찡긋	1		
한당	1		
요담	1		
반신반의	1		
무압조리	1		
결과물	1		
무염	1		
깨달음	1		
강민경	1		
기웃	1		
아시안	1		
오쒸	1		
혼수	1		
양수만	1		
무수	1		
클립	1		
냅뒀슴니	1		
리본	1		
어케	1		
단말	1		
나발	1		
난관	1		
봉착	1		
쌀컵	1		
우여곡절	1		
어려움	1		
대란	1		
가정식	1		
다중	1		
장단점	1		
쏠쏠	1		
코드	1		
공포	1		
쉬이	1		
이익	1		
풀림	1		
점왜	1		
천재	1		
반절	1		
재탄생	1		
피드백	1		
모니터링	1		
상한	1		
찬가	1		
농축액	1		
화공	1		
이음	1		
위원회	1		
배움터	1		
초등	1		
답지	1		
도해	1		
요장	1		
당부	1		
재활	1		
가모	1		
호기롭	1		
땐밥	1		
서인	1		
지밀	1		
자르르	1		
니시	1		
다주	1		
한광고	1		
즉석식품	1		
후루룩	1		
신의	1		
수라	1		
웬걸	1		
삭함	1		
뭉근하	1		
이오나	1		
어미	1		
교시	1		
한무	1		
봄철	1		
해방	1		
코마쯔	1		
구점	1		
교토	1		
니싱	1		
청어	1		
군데	1		
무우	1		
말랭이	1		
등산	1		
산나물	1		
프라자	1		
한살림	1		
상무	1		
리가	1		
스포	1		
탁씨	1		
홈밥	1		
뿜뿜	1		
진대	1		
스팅	1		
쪼금	1		
떼솥밥	1		
과수원	1		
바리	1		
제때	1		
보양음식	1		
일초	1		
다다다	1		
닫닥	1		
모자라	1		
쟁일겸	1		
마스크	1		
캉스	1		
바스락	1		
침구	1		
듭니	1		
화요	1		
기온	1		
말리	1		
달후	1		
모름	1		
을제	1		
비공식	1		
알앤비	1		
소속사	1		
아티스트	1		
예능	1		
독거	1		
기저	1		
쌀위	1		
난후	1		
비벼	1		
천대	1		
양가	1		
하물며	1		
지후	1		
중제	1		
반했어	1		
개개인	1		
스팩	1		
가다랑어	1		
굿굿굿	1		
멀리	1		
부엌	1		
긴장	1		
자시	1		
고슬함	1		
대성공	1		
흡입	1		
절기	1		
나기	1		
삭삭	1		
슴슴해	1		
아르기닌	1		
메티오닌	1		
시스테인	1		
슬랙	1		
도장	1		
입처	1		
절밥	1		
점심식사	1		
퍼플	1		
양심	1		
재사용	1		
츄릅	1		
변주	1		
아듀	1		
레오	1		
곰순	1		
솥밥혼밥	1		
신기	1		
스텐솥토핑	1		
노하우	1		
사용자	1		
영해	1		
뉴얼	1		
스테인리스	1		
스틸	1		
열전도율	1		
억지로	1		
프로그래밍	1		
가전제품	1		
척후	1		
건조장	1		
운뒤	1		
숫자	1		
라인	1		
은물	1		
몸체	1		
은한	1		
방향	1		
체결	1		
법고	1		
본스	1		
텐솥밥	1		
디스플레이	1		
표시	1		
시바	1		
엣홈스텐	1		
규격	1		
합포	1		
다이스	1		
사골곰탕	1		
배속	1		
김김	1		
고항	1		
페타	1		
피스타치오	1		
딜로	1		
음식사진	1		
선희	1		
그래퍼	1		
박원규	1		
의치	1		
아내	1		
협업	1		
메일	1		
장볼	1		
소셜미디어	1		
상단	1		
에나	1		
최상	1		
후작	1		
뺨치	1		
아브뉴프	1		
종합	1		
아래층	1		
출입구	1		
선점	1		
솥죽	1		
죽집	1		
메뉴판	1		
서랍	1		
단무지	1		
저리	1		
삼평동	1		
토주	1		
심슨	1		
모터	1		
시티	1		
디트로이트	1		
발렛	1		
파킹	1		
라파	1		
시옹	1		
날치	1		
광어	1		
생파	1		
벨벳	1		
캡슐	1		
콜드컵	1		
토스	1		
광파	1		
권리	1		
동의	1		
저작물	1		
편집	1		
사상	1		
무성의	1		
삭제	1		
사양	1		
이란	1		
담아특제	1		
솥밥톳	1		
품명	1		
입비	1		
추구	1		
티끌	1		
까탈	1		
캔김	1		
봉골레	1		
일해	1		
수안	1		
양조	1		
한단	1		
왕초보	1		
불매운동	1		
채연	1		
자로	1		
산토리	1		
아둥바둥	1		
순천	1		
주류	1		
정색	1		
근육	1		
진설	1		
소듕	1		
미니미니	1		
짐빔컵	1		
요리실	1		
향상	1		
주안	1		
대문	1		
다지	1		
불닭볶음면	1		
만사천원	1		
씌었	1		
나나	1		
헥헥	1		
낫다	1		
액젓	1		
송하	1		
송바	1		
격일	1		
택인	1		
차근차근	1		
사치	1		
파지	1		
속편	1		
변색	1		
전과	1		
부전	1		
찌위	1		
겹치	1		
호호	1		
비어	1		
형체	1		
저격	1		
일주	1		
누군가	1		
이보	1		
킨토	1		
우리엄마	1		
미사	1		
어사	1		
탕음	1		
일수	1		
쌀뿔	1		
베이비	1		
루코사민콘드	1		
프로바이오틱스	1		
고착	1		
향료	1		
착색	1		
보존료	1		
생후	1		
반려견	1		
토퍼용	1		
밤비	1		
급여	1		
끝위에껀	1		
로디	1		
듀럼밀	1		
텐테	1		
주접	1		
해리포터	1		
마법사	1		
키티	1		
민물	1		
쌀생	1		
오우	1		
불쇼	1		
밥용	1		
동부	1		
이촌동	1		
즈란	1		
테이	1		
백과사전	1		
연출	1		
장정	1		
라지	1		
오일도	1		
로손	1		
돈부리	1		
부워	1		
보나마나	1		
손수빈	1		
디렉터	1		
김유경	1		
뉴미디어	1		
저작권	1		
방역	1		
준수	1		
경희대학교	1		
경영학	1		
석사	1		
전통주	1		
소믈리에	1		
축산	1		
대사	1		
강연	1		
컬럼	1		
이메일	1		
열공	1		
목표량	1		
설겆	1		
민시	1		
시간이동	1		
수입인지	1		
정수리	1		
뒤꿈치	1		
초반	1		
샐러리맨	1		
고충	1		
발품	1		
손품	1		
이주	1		
이만원	1		
유대	1		
관계	1		
형성	1		
마진	1		
력먹는	1		
행여	1		
서울시	1		
반면	1		
자칫	1		
열풍	1		
것일	1		
부피	1		
야만	1		
기기	1		
법솥밥	1		
주먹	1		
구울	1		
쏭쏭	1		
진정	1		
감칠	1		
식생활	1		
네가지	1		
혼합	1		
카레라이스	1		
루나	1		
비상	1		
겨울철	1		
단촛물	1		
오무라이스	1		
쌀때	1		
약밥	1		
열망	1		
허락	1		
개진	1		
청양	1		
모양새	1		
앞면	1		
우르르	1		
가중	1		
후불	1		
고두밥	1		
스윽슥	1		
다음체	1		
세지	1		
편리	1		
한솥	1		
크루	1		
초과	1		
거만	1		
위장	1		
주전부리	1		
주섬주섬	1		
솥밥오잉	1		
교훈	1		
별식	1		
사진촬영	1		
체질	1		
채반	1		
살림꾼	1		
매뉴얼	1		
가마	1		
눌렸어	1		
툴툴거렸는데	1		
하이라이트	1		
말림	1		
살걸	1		
서양인	1		
스튜	1		
관할	1		
통풍	1		
손목	1		
발뮤	1		
룸메이트	1		
호품벼	1		
도화	1		
분과	1		
만물	1		
바랬	1		
플러스	1		
금상첨화	1		
익숙	1		
질퍽	1		
꼬돌	1		
얌얌이	1		
봄나물	1		
정독	1		
따끈따끈	1		
완성푸릇푸릇	1		
슴슴할	1		
수비니	1		
여행사진	1		
솔캠	1		
소꿉놀이	1		
주조	1		
대대손손	1		
초기	1		
프라	1		
밥답	1		
누룽지밥	1		
통조림	1		
탕용	1		
도구로	1		
최적	1		
품목	1		
도모	1		
중화	1		
키토산	1		
미용	1		
남성호르몬	1		
예방	1		
식이섬유	1		
솥밥곰표밀눈	1		
도산대로	1		
방문자	1		
면밀	1		
스모크	1		
알프스	1		
산맥	1		
롤리	1		
일드	1		
생햄	1		
래지	1		
부수입	1		
스탄	1		
유럽	1		
한인식	1		
나쁜사람	1		
줄기	1		
포차	1		
유의	1		
별문제	1		
만양	1		
안온	1		
드뎌	1		
별표	1		
통상	1		
투스타	1		
서버	1		
솥밥등	1		
곰표	1		
밀눈	1		
애피타이저	1		
스크렘	1		
비스켓	1		
곰표밀눈	1		
집돼지	1		
요타	1		
욕망	1		
나란냔	1		
네오플	1		
슨생님들	1		
하야	1		
셋투셋투	1		
흠집	1		
투척	1		
타버려C	1		
꺄항이거슨	1		
만년	1		
한어	1		
피치	1		
졸귀	1		
흐옙흐	1		
라벤더	1		
시상	1		
쨔응	1		
샤릉	1		
큐레이터	1		
한양대	1		
소속	1		
화만	1		
뒤론	1		
화때	1		
정기석	1		
비즈니스	1		
하얀색	1		
증발	1		
끝쌀	1		
하여튼	1		
이이	1		
산아	1		
브솥밥	1		
조앙	1		
러리	1		
싱하	1		
븐재	1		
싱아	1		
니나	1		
청소기	1		
배치	1		
조명도	1		
우렁	1		
또꼭	1		
생필품	1		
함지	1		
열일	1		
겉옷	1		
가전	1		
음날	1		
만료	1		
이설	1		
반시	1		
맛있x	1		
대나무	1		
신행	1		
리조트	1		
한적	1		
풍요	1		
닸담날	1		
교회	1		
안치	1		
뇨석	1		
무쟈	1		
레즐리	1		
사케	1		
미연	1		
끄읕	1		
고초	1		
락교	1		
yy르하	1		
전적	1		
쭈루룩	1		
호두	1		
래핑	1		
담날	1		
이불	1		
탁탁	1		
커튼	1		
환기	1		
브언박싱언박싱	1		
구석구석	1		
집안일	1		
패션후르츠	1		
넘마쉿너븐재	1		
휴게소	1		
사옴쫑쫑	1		
마늘빵	1		
달기	1		
페이퍼	1		
고마	1		
오심	1		
철인	1		
시나몬	1		
그라탕	1		
예배	1		
드으음뿍	1		
사자	1		
커c	1		
다이아	1		
데남	1		
프로포즈	1		
대안	1		
내겐	1		
파닭	1		
크로우	1		
캐년	1		
두기	1		
뱀파이어	1		
소년	1		
심판	1		
한식대첩	1		
우렁된장	1		
우렁이	1		
둘일때	1		
수요	1		
십년	1		
학부	1		
개념	1		
산업	1		
개최	1		
편식	1		
멤버	1		
루트	1		
배나무	1		
완조	1		
류키	1		
천식	1		
전만	1		
레토르트	1		
국탕	1		
여지	1		
이르렀다	1		
로봇	1		
톰얌	1		
이사오	1		
점차	1		
반영	1		
고도화	1		
럭셔리	1		
크래커	1		
세대	1		
맘껏	1		
관찰	1		
심리	1		
영양사	1		
신체	1		
화장실	1		
산보	1		
식사량	1		
달랑	1		
사수	1		
에너지	1		
노프	1		
블럼	1		
낫또	1		
협력	1		
소포	1		
장해	1		
지례	1		
가로세로	1		
살부	1		
얼릉	1		
열병	1		
법적	1		
성격	1		
장수로	1		
수배	1		
대학생	1		
직딩	1		
자녀	1		
매일신문	1		
칼럼	1		
각오	1		
덴마크	1		
포슬린	1		
기밀	1		
진화	1		
컷퀵	1		
거듭	1		
그날그날	1		
서초	1		
송파	1		
식욕	1		
비운	1		
돈쭐	1		
입력	1		
파쌀	1		
쉼표	1		
미음	1		
기반	1		
헹구	1		
면기	1		
기초	1		
미보	1		
수온	1		
고추가	1		
명과	1		
남성	1		
맛나겠쥬	1		
자수	1		
게재	1		
해석	1		
깻국	1		
물씬	1		
냉면집	1		
명덕	1		
이온	1		
미네	1		
기세	1		
노소	1		
정읍	1		
산외	1		
지다	1		
포장재	1		
빛깔	1		
갈빗대	1		
랑드	1		
솔트	1		
소고기구이	1		
연해	1		
미듐웰던	1		
이수린	1		
짜져	1		
자작	1		
다크호스	1		
웰던	1		
순정	1		
하드캐리	1		
우소	1		
기념일	1		
음모	1		
콤달콤	1		
시조새	1		
신규가입	1		
겟겟	1		
움직	1		
단돈	1		
집콕밀	1		
집콕	1		
바이	1		
건고	1		
육아휴직	1		
이처럼	1		
사계절	1		
복직	1		
장만	1		
식기세척기	1		
메이플시럽	1		
크리스탈	1		
서막	1		
아이스커피	1		
퐁당	1		
꼬냑	1		
막내	1		
공수	1		
차곡차곡	1		
김치냉장고	1		
은박	1		
라벨	1		
심지	1		
쫀득쫀득너무	1		
쌔지않	1		
나박	1		
웃음	1		
어슷	1		
투움바	1		
휘핑크림	1		
케첩	1		
케찹	1		
케이앤페퍼	1		
띠용	1		
닭강정	1		
닭다리	1		
강판	1		
믹서기	1		
뷰갸	1		
버무리	1		
기름기	1		
중단	1		
목심	1		
따뜻물	1		
뒤결	1		
전해	1		
컵밥	1		
맛또	1		
인보	1		
소신	1		
홈쿡	1		
구황	1		
격려	1		
점진	1		
프렌	1		
사이클	1		
개선	1		
생산물량	1		
특정	1		
반개	1		
늘품	1		
승관	1		
파니니	1		
투썸	1		
나이프	1		
구래	1		
새치	1		
발명	1		
염색	1		
크로크무슈	1		
일과	1		
민폐	1		
마는	1		
불덩이	1		
내과	1		
싶은V	1		
체온계	1		
저걸	1		
재보	1		
친자	1		
꼬박꼬박	1		
생명수	1		
지기	1		
클로버	1		
키링	1		
금천구	1		
벚꽃로	1		
포스트타워	1		
상복	1		
세븐	1		
원주	1		
경유	1		
후임	1		
보조	1		
차선	1		
자해	1		
보고서	1		
또르	1		
셀카	1		
웹마케팅	1		
아카데미	1		
마스터즈	1		
교육과정	1		
법률	1		
상가	1		
실무	1		
국장	1		
팔달구	1		
회장	1		
솔로몬	1		
야심작	1		
서초동	1		
하이엔드	1		
세컨드	1		
연회	1		
궁금증	1		
일식	1		
으레	1		
등장	1		
즈음	1		
불끈	1		
조화	1		
지게	1		
사르르	1		
가의	1		
식스	1		
나소	1		
괜시리	1		
파업	1		
양육	1		
송이	1		
뿜뿜포장	1		
고저	1		
획득	1		
세스코	1		
라모	1		
아해	1		
접대	1		
시식	1		
폴배	1		
방구	1		
번만	1		
핫도그	1		
빙수	1		
뉴욕	1		
굿오트	1		
오트	1		
라테	1		
명오	1		
노티	1		
버스킹	1		
필아	1		
지니	1		
스몰	1		
뻥임	1		
수상한	1		
폴로	1		
이산가족	1		
임민지	1		
은상	1		
해린	1		
혜인	1		
레츠고	1		
화형	1		
버켄스탁	1		
당일치기	1		
데일	1		
계곡	1		
평화	1		
종점	1		
방감	1		
수운	1		
피칸	1		
강습	1		
이찬혁	1		
비디오	1		
바구니	1		
이사해	1		
스윔	1		
나이키	1		
솔리드	1		
백이	1		
쫀쫀하	1		
네이비	1		
보라색	1		
스피도	1		
대지	1		
육처	1		
착용	1		
다기	1		
리수영	1		
영선	1		
파마	1		
듯뉴진스	1		
컴백	1		
청바지	1		
소서	1		
그간	1		
김참	1		
정착	1		
최고급	1		
기미	1		
선발	1		
임진강	1		
북부	1		
쌀특	1		
등급	1		
르르륵	1		
광택	1		
주식	1		
앵콜	1		
발란스	1		
품평	1		
지각	1		
맥날	1		
맥플러리	1		
탕졸맛	1		
식판	1		
과장	1		
에미넴	1		
주제	1		
마일	1		
막스	1		
친목	1		
풋살	1		
나영	1		
엔틱	1		
박동	1		
동태	1		
왓더	1		
기상청	1		
급진	1		
전개	1		
화창	1		
환승	1		
연애	1		
나씨	1		
버프	1		
동기	1		
가현	1		
으슬으슬	1		
보건소	1		
아이패드	1		
대령	1		
으릿	1		
액자	1		
문	1		
업데이트	1		
보일러	1		
가동	1		
오한	1		
에아	1		
확진	1		
판정	1		
금욜	1		
비비고	1		
장본	1		
김통	1		
다용도실	1		
세탁기	1		
조립	1		
슬빵	1		
솥밥뼈	1		
인피니티	1		
앤드	1		
루피	1		
생활용품	1		
카라멜	1		
이얼	1		
루이보스	1		
후유증	1		
잔기침	1		
기만	1		
없쟈나앙	1		
쟁임템	1		
말기	1		
쉐낏쉐낏	1		
이인	1		
꾸욱지	1		
동갑	1		
예나	1		
부랑	1		
안동	1		
실의	1		
비상식량	1		
역사	1		
매경	1		
다독	1		
수비	1		
삼베	1		
리터	1		
주머니	1		
주안상	1		
자양강장제	1		
간의	1		
두뇌	1		
성인병	1		
빡빡	1		
빨판	1		
유우	1		
꾸욱	1		
담당자	1		
할인점	1		
으르르	1		
진핸	1		
디핀	1		
다트	1		
일동제약	1		
웹툰	1		
콩국수	1		
클리	1		
존앤진	1		
강된장	1		
사원	1		
일주년	1		
날로	1		
샌드보키	1		
마테	1		
서일	1		
포스터	1		
어째	1		
하필	1		
나폴리	1		
펜네	1		
팬질	1		
투피엠	1		
후후후	1		
갓덴	1		
전병	1		
파란색	1		
저만큼	1		
불어	1		
당국	1		
섭섭남	1		
이준호	1		
감덩	1		
명량	1		
영화관	1		
한산	1		
우어	1		
투신	1		
몰입	1		
독감	1		
재채기	1		
설마	1		
수록	1		
조성진	1		
미정	1		
상추	1		
죠오	1		
트위스터	1		
스낵	1		
징거버거	1		
장볼때	1		
여태껏	1		
오래오래	1		
사은	1		
커버	1		
정육점	1		
가이거	1		
생색	1		
집의	1		
어그	1		
일만	1		
우당	1		
스등	1		
맛살	1		
카스	1		
요도	1		
솥밥로	1		
뒷다리	1		
퍽퍽	1		
뿌시고	1		
이혜정	1		
생굴	1		
냉파	1		
부림	1		
주목	1		
동료	1		
나주	1		
홍어	1		
육오	1		
별빛	1		
부서	1		
흥이	1		
취함	1		
꽃다발	1		
퍼레이드	1		
존예	1		
토분	1		
패러디	1		
스투키	1		
주저	1		
튤립	1		
구근	1		
얀홀더	1		
게이지	1		
자고로	1		
용품	1		
다다익선	1		
알리제	1		
오팔	1		
윤슬	1		
스카프	1		
알파카	1		
실크	1		
양말	1		
거여	1		
랜턴	1		
쉐르파	1		
악세사리	1		
홀더	1		
졸라	1		
두툼	1		
어진	1		
쉐르파님	1		
리나	1		
구멍	1		
에르메스	1		
어쩌	1		
드립커피	1		
적진	1		
바샤	1		
혜자롭	1		
꽃향	1		
유지됨	1		
개놀랏자	1		
오매	1		
눌었다	1		
포션	1		
내야	1		
박사	1		
서브웨이	1		
에쏘	1		
원샷	1		
개핫해짐	1		
글랜콜	1		
코튼	1		
개님	1		
빅카	1		
가디건	1		
바샤커피	1		
규닭	1		
로어	1		
여덟	1		
바늘	1		
소매	1		
반대편	1		
추진	1		
위함	1		
넌니	1		
랄것	1		
캐리어	1		
포린	1		
박해진	1		
노무	1		
물욕	1		
품류	1		
지하상가	1		
빌딩	1		
보풀	1		
옷방	1		
에두	1		
고사	1		
봉기	1		
지아	1		
직구도	1		
사오	1		
제동	1		
생피	1		
신한식	1		
커터칼	1		
요란	1		
정국	1		
유연제	1		
제만	1		
칠칠	1		
거제	1		
다이쇼	1		
케어	1		
구내염	1		
바탕	1		
노란색	1		
면역	1		
만성	1		
타입	1		
고리	1		
차키	1		
샤론	1		
파스	1		
디스크	1		
규어	1		
게살	1		
화이팅	1		
요크	1		
로켓	1		
노동	1		
꾹늘	1		
깁스	1		
자뼈	1		
붕대	1		
은재	1		
구글	1		
루미	1		
테일	1		
계시쥬저	1		
미네랄	1		
존맛탱	1		
파악	1		
궈궈	1		
그대	1		
목숨	1		
하리	1		
나로	1		
하림	1		
연세	1		
디폴트	1		
하노이	1		
폭탄	1		
정다운	1		
허브	1		
오리가	1		
개꿀	1		
숭의	1		
깨침	1		
월남쌈	1		
훌륭	1		
고래	1		
수산	1		
모리타니	1		
회로	1		
다이슨	1		
하댜	1		
팔꿈치	1		
응급처치	1		
노트북	1		
슬로우모션	1		
방콕시티	1		
리스	1		
기요	1		
미니쿠퍼	1		
모교	1		
취업	1		
졸업생	1		
취준	1		
머그컵	1		
극단	1		
접이식	1		
스페셜	1		
스멜팅	1		
솔티	1		
아인	1		
슈페	1		
함집	1		
무국	1		
동기화	1		
포스트잇	1		
이글	1		
나일	1		
서관	1		
육포	1		
다비	1		
연초	1		
무기	1		
부살	1		
길거리	1		
매연	1		
채칼	1		
써머	1		
스비	1		
추성훈	1		
리더쉽	1		
발음	1		
몇몇	1		
유투	1		
패자부활전	1		
스턴트우먼	1		
데모	1		
확립	1		
가치관	1		
구가	1		
해나	1		
갈수	1		
꽃봉오리	1		
모종	1		
애착	1		
떼잉	1		
백수	1		
로프	1		
후지	1		
더스트백	1		
파생	1		
메탈	1		
바보	1		
발바닥	1		
태정	1		
전족	1		
라프시몬스	1		
미아	1		
방지	1		
베이지	1		
트렌치	1		
박해	1		
패디드	1		
나일론	1		
천이	1		
가트	1		
핑계	1		
용쮸	1		
꿍디뷰	1		
쿨타임	1		
모범	1		
택시	1		
아작	1		
안습	1		
부채살	1		
적당	1		
머신	1		
바리스타	1		
알람	1		
악몽	1		
불현듯	1		
에드워드	1		
호퍼	1		
버드	1		
부산광역시	1		
미생물	1		
뒷쪽	1		
노리	1		
오기	1		
찬벽	1		
밀짚	1		
선착순	1		
백전	1		
도제	1		
배추	1		
냠굿	1		
옆쪽	1		
고정력	1		
호기	1		
맵싹	1		
지도자	1		
여행자	1		
저자	1		
호밀빵	1		
크루아상	1		
크롸상	1		
맹세	1		
버틀러	1		
야구장	1		
엘지	1		
홍익	1		
나으니	1		
송탄	1		
서정동	1		
엽떡먹는	1		
보쌈	1		
효거	1		
국밥집	1		
희망	1		
함께금욜밤	1		
평택	1		
못도	1		
숙사	1		
보가	1		
한밤	1		
붕어빵	1		
방콕	1		
오신	1		
태윤군	1		
닥치고	1		
표쪼쌤	1		
곰떡	1		
곰국	1		
양지	1		
조선	1		
물만두	1		
상비	1		
식량	1		
콤보	1		
뻔데기	1		
후퇴	1		
순자	1		
별거	1		
짠지	1		
횟수	1		
규칙	1		
월급쟁이	1		
부러	1		
점저	1		
대상포진	1		
알러지	1		
미련	1		
금강산	1		
후경	1		
엽떡	1		
정신건강	1		
쪼언	1		
무작정	1		
크렘	1		
브륄레	1		
선뜻	1		
작동	1		
교반봉	1		
불편	1		
장염	1		
체함	1		
라헬	1		
리커버리	1		
칡뿌레기냉	1		
혈당	1		
뿌레	1		
음원	1		
뚝불	1		
엑설런트	1		
고오	1		
淡	1		
왕창	1		
포옥	1		
다람쥐	1		
사발	1		
의정부	1		
양주	1		
밀곳	1		
금도	1		
피고	1		
고릴라	1		
옴비	1		
길냥이	1		
메롱	1		
복케팅한다	1		
예감	1		
로나	1		
경아	1		
구경이	1		
도나	1		
다예	1		
삼삼오오	1		
살코기	1		
중밭	1		
단편	1		
고구마줄기	1		
방아	1		
잔디	1		
연못	1		
청소	1		
대한항공	1		
타월	1		
씬도우	1		
동남아	1		
매실	1		
안남	1		
극악	1		
무도	1		
코스프레	1		
체다	1		
후문	1		
다임	1		
맛보기	1		
무광	1		
살겸	1		
제과	1		
퀴노아	1		
똑똑이	1		
꼬셔	1		
콩알	1		
장함	1		
어랑	1		
키키	1		
투비컨티뉴	1		
마이클	1		
쉬는시간	1		
미국인	1		
방학	1		
나미	1		
철판	1		
식지	1		
새송이	1		
리프	1		
레시	1		
사심	1		
포트레이트	1		
코코넛	1		
녹음	1		
철제	1		
부활	1		
랜치	1		
동화	1		
료코	1		
데미	1		
그라스	1		
푸드코트	1		
잡기	1		
교정	1		
은혜	1		
주지	1		
교보	1		
메모	1		
흐트러	1		
간과	1		
꼬들하	1		
그라인더	1		
오르막	1		
딜쿠샤	1		
해치	1		
분할	1		
조장	1		
짜장라면	1		
정답	1		
모네	1		
종혀	1		
시청자	1		
브나나	1		
시트콤	1		
발췌	1		
카테고리	1		
도올	1		
유독	1		
곱슬	1		
펫프렌	1		
리하	1		
문지기	1		
로날	1		
우영	1		
팽나무	1		
흥민	1		
유진박	1		
연일	1		
발악	1		
백배	1		
천배	1		
개나리	1		
꽃그늘	1		
맞춤	1		
하네스	1		
친오빠	1		
분자	1		
경상남도	1		
진해	1		
경주로	1		
선회	1		
지옥	1		
보문호	1		
수나	1		
황룡사지	1		
망망	1		
이튿날	1		
광안	1		
삼익	1		
아난	1		
좀처럼	1		
수학여행	1		
볼멘소리	1		
동식물	1		
로맨틱	1		
흠뻑	1		
취할	1		
낙동강	1		
비현실적	1		
질주	1		
근심	1		
마창대교	1		
샤방	1		
공도	1		
도로로	1		
닥투닥	1		
방심	1		
금물	1		
가뜩이나	1		
투성이	1		
도시	1		
나무숲	1		
야자수	1		
조경수	1		
중정	1		
엔딩	1		
명소	1		
절정	1		
안양천	1		
라임	1		
원도	1		
한도	1		
일기장	1		
파이리	1		
지근	1		
발레	1		
성북동	1		
구포	1		
탕수육	1		
젤루	1		
프루츠	1		
동대문시장	1		
네팔	1		
에베레스트	1		
탄두리치킨	1		
점심때	1		
화목	1		
대국	1		
당가	1		
복귀	1		
원서동	1		
탑건	1		
뽈뽈	1		
마르고	1		
육장	1		
미완성	1		
레이크	1		
거가	1		
자두	1		
취저	1		
빡세	1		
꽂혔댜두툼	1		
느무	1		
쇼파	1		
카멜레온	1		
브라더스	1		
해고	1		
구마	1		
세이	1		
펄스	1		
웜톤	1		
쿨톤	1		
입지	1		
비비드	1		
빨강	1		
계열	1		
했댜	1		
뱃가죽	1		
붙는쥴	1		
티트	1		
툴레	1		
거셀	1		
포트와인	1		
또또	1		
영줴	1		
소득	1		
먹방	1		
할로윈	1		
늑힘	1		
기린	1		
앤유	1		
숨쉬기	1		
영제	1		
산더미	1		
파서	1		
소히	1		
혜룡	1		
달뒤	1		
파이프	1		
진쫘	1		
쫀맛	1		
쿠랑	1		
기여	1		
뚜벅	1		
뿌샤주고	1		
된댜	1		
필드	1		
탄탄	1		
회랑	1		
미k다	1		
거등	1		
상담	1		
우전	1		
재스민	1		
모금	1		
대개	1		
톡방	1		
부장	1		
참전	1		
은퇴	1		
연명	1		
행위	1		
덕지덕지	1		
된장국	1		
직장암	1		
담배	1		
치매	1		
납득	1		
룰렛	1		
위문	1		
무딘	1		
경이	1		
장례식	1		
걸레	1		
년도	1		
대론	1		
퇴직	1		
조용조	1		
소도	1		
아령	1		
연세대	1		
하체	1		
심장	1		
거림	1		
근력	1		
소가	1		
버릇	1		
쫑꾸말	1		
꽃들이	1		
활짝	1		
피어	1		
철쭉나무	1		
분홍색	1		
흰색	1		
간평	1		
소라면	1		
버찌	1		
연두색	1		
나뭇잎	1		
하늘색	1		
꽃일	1		
사방	1		
김유정	1		
동백꽃	1		
길가	1		
몇장	1		
햇빛	1		
열기	1		
그늘	1		
들꽃	1		
정의	1		
부다	1		
통장	1		
빵꾸	1		
최강	1		
예뽀	1		
할머님	1		
반년	1		
장용	1		
나부	1		
날때	1		
태교	1		
행복감	1		
거머리	1		
구어	1		
술퍼먹	1		
박살	1		
폰타나	1		
투움	1		
식해	1		
짜파구리	1		
참치회	1		
대학교	1		
외적	1		
분야	1		
체인점	1		
핑거푸드	1		
루미큐브	1		
근황	1		
칭구덜	1		
위성	1		
태운	1		
호가	1		
이륙	1		
임무	1		
완수	1		
국뽕	1		
대치	1		
과학자	1		
이바지	1		
앞서	1		
닥터	1		
울쫑꾸	1		
버진	1		
쫄깃함	1		
저림	1		
예고	1		
경내	1		
짱짱	1		
안고	1		
생화	1		
장식	1		
키퍼	1		
다이노	1		
마끼아또	1		
꼰빠	1		
뷰꼭	1		
덕후	1		
푸욱	1		
지고	1		
고요한	1		
스탬프	1		
곳도	1		
줄리	1		
층스탬프	1		
반짝임	1		
한라봉	1		
진자	1		
동선	1		
재치	1		
하동	1		
김위	1		
개량	1		
진미채	1		
코믹월드	1		
외동	1		
특기	1		
명의	1		
들러붙어	1		
보라	1		
신뢰	1		
어이	1		
리도	1		
이사회	1		
기보	1		
근본	1		
사기꾼	1		
증권	1		
신조어	1		
기레기	1		
쒸익쒸익	1		
연말	1		
슨데	1		
무솥밥	1		
중강	1		
누릉	1		
듯내	1		
무밥	1		
밀푀유	1		
뿜뿜앞	1		
돼지런	1		
불량	1		
스페인	1		
로옴	1		
약품	1		
세운	1		
실링	1		
살땐	1		
개편	1		
변심	1		
반성	1		
자식	1		
생기지	1		
빈틈	1		
조율	1		
도마	1		
맹글	1		
속초	1		
우왕	1		
열정	1		
피곤	1		
경치	1		
옆집	1		
사촌	1		
까페	1		
대가족	1		
댕겨	1		
우울	1		
전경	1		
송도	1		
빵집	1		
차안	1		
부띠	1		
방치	1		
고로케	1		
지남	1		
청소년	1		
쿨쿨	1		
요한	1		
저온	1		
파전	1		
열씜히	1		
굿밤	1		
굿모닝	1		
하트뿅뿅	1		
전환	1		
콘치	1		
둥지	1		
월드	1		
이어도	1		
일곱	1		
삼만원	1		
가분	1		
번의	1		
동요	1		
희노애락	1		
몽롱	1		
면보	1		
승하	1		
애증	1		
점철	1		
화장품	1		
생필	1		
황량	1		
나뭇가지	1		
구축	1		
변도	1		
응봉산	1		
무역	1		
코지	1		
등골	1		
무소식	1		
네오	1		
보난자	1		
베를린	1		
세컨	1		
바트	1		
글쎄	1		
엉엉	1		
천사	1		
귀신	1		
특집	1		
출첵	1		
다담	1		
참새	1		
선풍기	1		
담당	1		
투표일	1		
결말	1		
극복	1		
한시	1		
기수	1		
일기도	1		
유틸리티	1		
겟함	1		
보상	1		
연장	1		
레슨	1		
가집	1		
콘란샵	1		
회전초밥	1		
투자	1		
만족도	1		
선사	1		
타이틀	1		
친환	1		
경건	1		
결코	1		
노노	1		
전라도	1		
주산	1		
고심	1		
신신당부	1		
지불	1		
쫀닥거리	1		
장떡	1		
인근	1		
방방곡곡	1		
매가	1		
면장	1		
스케	1		
넘김	1		
공정	1		
후의	1		
셋팅해	1		
삼만리	1		
마이너스	1		
청국	1		
장특	1		
로고송	1		
뿜었습니	1		
촉촉촉	1		
탱탱	1		
숙란	1		
원가	1		
시간대	1		
조사	1		
대형	1		
유통업	1		
취하	1		
위협	1		
리스크	1		
의식	1		
물량	1		
장고	1		
유심	1		
차보	1		
한수	1		
동참	1		
오코노미야키	1		
청량고추	1		
개구리	1		
성원	1		
맛톡	1		
지평선	1		
인모	1		
세종시	1		
오상	1		
귀걸이	1		
안산	1		
무궁화호	1		
러닝	1		
누운	1		
자격	1		
사브레	1		
뭐임	1		
동원	1		
창펀	1		
우기	1		
부추창펀	1		
피코	1		
슴슴하	1		
제시	1		
의의	1		
옥션	1		
올반	1		
대왕오징어	1		
장가	1		
고고	1		
김재	1		
핸님	1		
운란	1		
안감	1		
교자	1		
옴	1		
사누끼	1		
우동	1		
합천	1		
뭐해	1		
곱창전골	1		
공임	1		
던킨	1		
멸균	1		
파스퇴르	1		
상하	1		
고여	1		
족족	1		
소보	1		
데니	1		
파리바게트	1		
보로	1		
우수수	1		
수수	1		
수수속	1		
촉촉촉촉촉	1		
빵순	1		
모동	1		
마음가짐	1		
최준혁	1		
모동면	1		
지비츠	1		
빼곡	1		
하와이	1		
와이키키	1		
안이	1		
교사	1		
출신	1		
셨던	1		
처녀	1		
남자에게	1		
시집	1		
담소	1		
대세	1		
봉태규	1		
이석훈	1		
타르트	1		
씨송	1		
쏘시송	1		
장거리	1		
헬스	1		
천만다행	1		
생체	1		
세잔	1		
수액	1		
농도	1		
책보	1		
한숨	1		
스캣	1		
도자기	1		
절제	1		
티피	1		
참나	1		
귀욤둥	1		
참이슬	1		
백치	1		
딧세	1		
대낮	1		
낭낭함	1		
절벽	1		
시유	1		
호선	1		
신길역	1		
충족	1		
처음처럼	1		
증류주	1		
참회	1		
생애	1		
일거리	1		
오거	1		
인연	1		
트위스트	1		
콘이었	1		
무제	1		
캐슬	1		
야음	1		
가안	1		
안성시	1		
서운면	1		
청룡	1		
날금	1		
두고두고	1		
도대체	1		
끙끙	1		
등반	1		
장작	1		
불도	1		
빌라	1		
귀욤	1		
울음보	1		
뚝뚝	1		
울면	1		
왜구	1		
주책	1		
있더랜다이거슨	1		
산짐승	1		
몸집	1		
북엇	1		
국정	1		
자연인	1		
썸머	1		
산수	1		
미만	1		
수산물	1		
충청남도	1		
천안시	1		
서북구	1		
천안	1		
스캇	1		
마스	1		
카트	1		
필템	1		
삼총사	1		
퇴치	1		
물리	1		
모닥불	1		
활활	1		
불장난	1		
철수	1		
글램핑	1		
산속	1		
깊이깊이	1		
캠퍼	1		
인위	1		
갈래	1		
덧짐	1		
뒷북	1		
둥둥	1		
폐가	1		
탈바꿈	1		
최별	1		
독자	1		
멋대로	1		
내비게이션	1		
수교	1		
삼거리	1		
픽하연픽	1		
어엉	1		
차속	1		
편지	1		
변경	1		
아웃	1		
약자	1		
김선	1		
연필	1		
녹색	1		
양귀비	1		
아리랑	1		
안함	1		
리해	1		
마음껏	1		
세제	1		
비누	1		
도도	1		
지해	1		
거구	1		
꾹꾹	1		
인증샷	1		
내적	1		
친밀	1		
단체사진	1		
피셜	1		
텐션	1		
일인	1		
텀블러	1		
업로드	1		
주연	1		
하연	1		
끝일	1		
무배	1		
처피	1		
충성	1		
레벨	1		
차라리	1		
아부지	1		
줌모	1		
촤암	1		
변태	1		
똑똑	1		
댕강	1		
무H건	1		
말차	1		
심동우	1		
파동	1		
맘에듬	1		
평창	1		
왜죵	1		
논란	1		
빠삭	1		
p맛	1		
앞전	1		
그람	1		
살수	1		
불가능	1		
지리	1		
해바라기씨	1		
순창	1		
와웅	1		
이해도	1		
볼라	1		
캅니	1		
보홀	1		
프리다이빙	1		
기쁨	1		
축배	1		
해루	1		
서면	1		
참석	1		
오메	1		
회도	1		
샤르르	1		
조가	1		
속눈썹	1		
빠마	1		
조의	1		
빠마후	1		
소자	1		
혜자	1		
벼락	1		
갈랬는데	1		
어쩌것어	1		
대목	1		
풀바셋욕	1		
삼결	1		
느즈	1		
감히	1		
부집	1		
베렸다	1		
싶엇	1		
어랏	1		
꼬소	1		
솥밥모	1		
기주	1		
꽃님	1		
봄날	1		
세바퀴	1		
캐시	1		
일명	1		
못난이	1		
릴리	1		
파스텔	1		
명도	1		
채도	1		
거울	1		
시행착오	1		
파운데이션	1		
어울림	1		
웨딩드레스	1		
담양	1		
분수	1		
착석	1		
분기	1		
고도	1		
고르곤졸라	1		
비결	1		
쓰슬	1		
별채	1		
운전면허증	1		
딴지	1		
적성검사	1		
시력	1		
증명사진	1		
파일	1		
운전면허	1		
민원	1		
남구	1		
봉선동	1		
데미안	1		
욕실	1		
광합성	1		
원리	1		
무생물	1		
그로	1		
쥬시	1		
테트리스	1		
달리기	1		
송편	1		
발걸음	1		
완연	1		
은행나무	1		
태집	1		
꼴통	1		
다슬기	1		
백구	1		
순딩순딩해	1		
철야	1		
마릴	1		
먼로	1		
일생	1		
블론드	1		
배우	1		
치즈버거	1		
추사	1		
검강	1		
따릉	1		
시나노	1		
어항	1		
그루트	1		
북적	1		
국립	1		
미술관	1		
최우람	1		
방주	1		
전시장	1		
원탁	1		
지푸라기	1		
웅장	1		
스케일	1		
사운드	1		
압도	1		
오디오	1		
가이드	1		
도슨	1		
무집	1		
돌파	1		
출구	1		
럭키	1		
돗자리	1		
을지	1		
다락	1		
레이어	1		
딥슬립	1		
피부관리	1		
파이브	1		
개삼	1		
케익	1		
스퀘어	1		
신한카드	1		
찌롱	1		
콘서트	1		
출연	1		
사회	1		
리조또	1		
큭큭	1		
몽블랑	1		
명품	1		
리조	1		
머니볼	1		
으리	1		
단비	1		
화과자	1		
두둥	1		
인절미	1		
뭐	1		
들것	1		
필동	1		
소혀니	1		
탈리	1		
때탈리	1		
파토	1		
분노	1		
중대	1		
비루	1		
유투브	1		
너구리	1		
대자	1		
그루밍	1		
성수역	1		
탄쟈	1		
타구	1		
프라이버시	1		
모자이크	1		
문짝	1		
견적	1		
토일	1		
간사이	1		
마루	1		
슬로우	1		
자꾸만	1		
포카리스웨트	1		
중지	1		
먹이	1		
보리밥	1		
솜씨	1		
로제	1		
콘래드	1		
경호	1		
한양대역	1		
꽃집앞	1		
매달	1		
의무감	1		
보임	1		
콰트로	1		
와퍼주니어	1		
와퍼	1		
주니어	1		
아숩비	1		
해부	1		
건축	1		
박만	1		
앞바다	1		
해변	1		
마당	1		
얏호	1		
비비안	1		
호다닥함	1		
하스타	1		
커플요가	1		
무드라	1		
스트로베리	1		
브알	1		
액화질소	1		
안달	1		
합성	1		
오징어순대	1		
쪽금	1		
익스	1		
테리어	1		
모델링	1		
임파	1		
명상	1		
다큐	1		
폭죽	1		
쥐불놀이	1		
동작	1		
차담	1		
창밖	1		
시퀀스	1		
복기	1		
에센셜	1		
마셸	1		
천만원	1		
으쩐	1		
음질	1		
좋드라카사델아	1		
갱쥐	1		
꼬질꼬질	1		
생얼	1		
극락	1		
당비	1		
운치	1		
카페긷	1		
쥐며느리	1		
기차	1		
감당	1		
신용카드	1		
잃어버랴	1		
사고뭉치	1		
써니	1		
주훈	1		
수아	1		
법카	1		
또잉	1		
태양	1		
커피타임	1		
전도	1		
메이트	1		
아크	1		
원데이	1		
쉬탕	1		
대고	1		
꽈페	1		
커플티	1		
보라매	1		
시나	1		
귀리	1		
듣기	1		
바주카포	1		
사내	1		
공모전	1		
응모	1		
용집	1		
허준	1		
교수	1		
졸업식	1		
축사	1		
무례	1		
혐오	1		
경쟁	1		
분열	1		
나태	1		
허무	1		
무의미	1		
온갖	1		
폭력	1		
앞날	1		
선데이	1		
처트	1		
대용	1		
하겐다즈	1		
스턱	1		
애플	1		
피터	1		
코딩	1		
뱃속	1		
오도	1		
로스	1		
히레	1		
넘맛있댜	1		
가타	1		
땀날때	1		
베이직	1		
개봉역	1		
유라	1		
카파	1		
파당	1		
쉬타	1		
다누	1		
누마	1		
아사나	1		
하타	1		
자처	1		
핸즈온	1		
떡실신	1		
사당	1		
힌남노	1		
태풍	1		
피해	1		
솥밥겉바	1		
페어	1		
시크릿	1		
라피	1		
할리	1		
피뇨	1		
끝맛	1		
리용	1		
사시	1		
지채	1		
지느러미	1		
줄때	1		
슬리브	1		
우이	1		
황금비율	1		
솰아있네할라피뇨	1		
타르소스	1		
맵진	1		
앳홈	1		
이생	1		
선구	1		
알집	1		
함소	1		
정식품	1		
미래엔	1		
유동	1		
출판	1		
디딤돌	1		
메가스터디	1		
크리	1		
슈머	1		
아토	1		
피스	1		
능률	1		
박람회	1		
유교	1		
전서	1		
베키	1		
베페	1		
맘베	1		
코베	1		
건재	1		
더니	1		
니즈	1		
선두	1		
산쌀	1		
도정	1		
실사	1		
전반	1		
계기	1		
헐레벌떡	1		
로코	1		
복수	1		
에러	1		
삼일절	1		
수퍼	1		
파파스	1		
휴일	1		
피맥	1		
소용	1		
본기	1		
중도	1		
접촉성	1		
피부염	1		
치료	1		
더마	1		
울트라	1		
양치	1		
립밤	1		
소나무	1		
잠금	1		
아무르	1		
앙리	1		
마티스	1		
필체	1		
방노	1		
신주쿠	1		
오만	1		
각지	1		
진열	1		
가도	1		
데스	1		
텐레스	1		
스텐레스	1		
보존	1		
호로	1		
부채	1		
가까이	1		
니이가타	1		
컬렉션	1		
이용권	1		
이목구비	1		
콧대	1		
입술	1		
부모	1		
수통	1		
출산휴가	1		
해쉬	1		
점원	1		
빨래	1		
먼지	1		
건조기	1		
고베	1		
저고리	1		
싸개	1		
패턴	1		
아침마당	1		
우리말겨루기	1		
교양	1		
장녀	1		
지상파	1		
공익	1		
정겨운	1		
장구	1		
인간미	1		
물품	1		
대선	1		
개표	1		
서누	1		
당선	1		
솔로	1		
세시	1		
상치	1		
유도	1		
브이	1		
잠도	1		
산모	1		
포옹	1		
처치	1		
다섯시	1		
유리창	1		
너머	1		
신생	1		
유실	1		
재회	1		
둥개둥개	1		
탱화	1		
보살	1		
중생	1		
회진	1		
혈압	1		
체온	1		
보호자	1		
목조	1		
압구정	1		
수도권	1		
성문	1		
댁네	1		
초도	1		
전량	1		
진입	1		
레이더망	1		
구로	1		
만날	1		
정평	1		
식도락	1		
원료	1		
감태	1		
뇨아뇨	1		
명색	1		
짓말	1		
릉언릉	1		
일출	1		
불가	1		
합배	1		
성큼	1		
날늘	1		
양보	1		
쑥갓	1		
걸죽	1		
팁초	1		
다야	1		
김취	1		
포화	1		
지방산	1		
칼륨	1		
건위제	1		
작용	1		
두산백	1		
꼬돌꼬	1		
후루루	1		
만개특	1		
파트너	1		
수익	1		
얏호넘	1		
꼬슬꼬슬	1		
솥밥배	1		
또륵	1		
요미	1		
알럽	1		
언니네	1		
비비큐	1		
알랍세상	1		
배	1		
파손	1		
민하	1		
이활	1		
복무	1		
다모	1		
좌우	1		
고자	1		
이도	1		
히힛	1		
끝장	1		
유후	1		
양과동	1		
소무	1		
민족	1		
아구찜	1		
찜닭	1		
버티고	1		
스폰지	1		
은어	1		
제의	1		
가스렌지	1		
지름신	1		
지름	1		
이점	1		
허걱	1		
가추	1		
둘레	1		
거무스름	1		
후자	1		
점수	1		
쫀득하답니	1		
데코	1		
썽거러	1		
요러케	1		
캬소스	1		
주전	1		
그땐	1		
분도	1		
기프티콘	1		
평전	1		
체적	1		
아나운서	1		
견학	1		
치면	1		
다한	1		
기구	1		
뭐담번	1		
톳밥	1		
위시	1		
소득공제	1		
마술	1		
쪼끄	1		
마한	1		
무지개떡	1		
몽꽁떼	1		
부차	1		
하하	1		
