0,키워드
0,"도전,집들이,손님,대접,부모님"
1,"몸보신,요리,똥손,아이,고급,캠핑,여행,영양,선물,가족,보양,간편,명란,버터,계란,건강,자취"
2,"자취,집밥,직원,"
3,"캠핑,건강,고급,요리,간편,버터,명란,소스,여행,"
4,"형제,요리,건강,간편,저녁,점심,엄마,아기,유아식,육아,엄빠"
5,"신혼,남편,집밥,주말"
6,"1인가구,집,주위,사람들"
7,"와이프,집,"
8,"가족,집,부모님,동생,엄마,요리,대접,손질"
9,"가족,보양,요리,손질,가격"
10,"건강,아기,집,계란,노른자,"
11,"요리,반찬,자취,엄마"
12,"집,간편,저녁"
13,"가격,고급,간단,몸보신,건강"
14,"달걀,노른자"
15,"요리,집밥,간단,계란,영양,자취,건강,"
16,
17,"보양,1인가구,집,간편,영양,"
18,"여름,영양,보양,집,주말,"
19,"아기,집"
20,"기력,건강,손질,간편,영양,가성비,캠핑,여행,"
21,"가족,아이,저녁,몸보신,집,간단"
22,"집,손질"
23,"언니,"
24,
25,
26,
27,
28,
29,"집,건강,"
30,"집,건강"
31,"손질,가성비,여행,캠핑,집,손님,초대,고급,선물"
32,"간편,"
33,
34,"부부,남편,결혼,선물,언니,건강,시댁,"
35,"집,간편"
36,할인
37,"집,신혼부부"
38,"아이,집,영양,캠핑,간편,집밥,생일"
39,"간편,"
40,
41,"캠핑,여행,"
42,"엄마,집밥,영양"
43,"집,야외,캠핑,"
44,"가족,아이,고급,남편,집,주말,점심"
45,"아이,어른,"
46,"저녁,고급,1인가구
,자취,집밥"
47,"본가,어미,아침,애,엄마"
48,"연휴,일요일,직장인,고급"
49,"저녁,주말,집들이,손님,남자"
50,"저녁,간편,계란,친구,집,"
51,"점심,보양,집밥"
52,"초복,집,남자,보양"
53,
54,"요리,집,남편"
55,"집밥,여자"
56,"중복,보양,영양"
57,"집밥,생일,생신,손님"
58,"점심,집,혼자"
59,"혼밥,점심,요리"
60,"저렴,할인,건강,집,"
61,
62,"아들,집밥,여름,보양,"
63,
64,"성공,신랑"
65,"생일,보양식"
66,"급할때,반찬이 없을때,손님"
67,남편
68,부모님
69,"세일,2인가구,왕초보"
70,남편
71,"혼자,손님"
72,"남편,부부,부모님"
73,
74,"집,손님"
75,"엄마,저녁,2인분"
76,"아기,가격,2인분,혼자"
77,"가족,지인,모임,생일,홈파티,집들이"
78,"주말,가족"
79,
80,룸메이트
81,
82,"캠핑,혼자"
83,건강
84,건강
85,
86,
87,"생신,할인"
88,"부부,집들이,손님,초대"
89,집
90,
91,
92,"집,부부,신랑"
93,아침밥
94,"딸,엄마"
95,
96,"선물,가격,특별한,날,기념일,홈파티"
97,"가족,간편,건강"
98,간편
99,
100,"엄마,별미,삼남매"
101,
102,
103,"간편,주부,주말,아이,선물"
104,
105,부부
106,
107,
108,엄마
109,"딸,친구"
110,
111,손질
112,
113,동생
114,"남편,시댁,식구,초보"
115,"가족,명란"
116,"집,부부,특별식"
117,아이들
118,간편
119,혼자
120,
121,할머니
122,부실
123,
124,
125,아줌마
126,
127,"집,집들이"
128,"집,혼자,꽈리꼬추"
129,
130,"보양식,혼자"
131,"까페,혼자,와사비,장아찌"
132,"집,2인분"
133,"집,저녁"
134,"집,저녁,아들,냉동해물"
135,"집,저녁,세일,남편"
136,집
137,
138,"집,남편"
139,
140,"집,남편,소불고기"
141,집
142,"초대,친구"
143,간단식
144,"집,똥손"
145,"집,혼자,꽈리꼬추"
146,
147,집
148,
149,
150,
151,"집,버터,명란"
152,"집,혼자,계란국"
153,"집,남편"
154,
155,카페
156,
157,"선물,집"
158,
159,"도전,집,남편"
160,"캠핑,남편"
161,
162,"카페,이벤트,친구,"
163,
164,집
165,
166,
167,"편함,건강,집"
168,"도전,집,남편"
169,"집,남편,딸"
170,"집,오빠"
171,
172,
173,"관심,집,일요일,아침,혼자,건곤드레나물"
174,
175,
176,"신혼,밥상,부부"
177,"캠핑,간단,아침,신랑,딸"
178,
179,
180,"귀찮,집"
181,
182,"쉬움,아빠"
183,
184,"건강,생선,가격,비쌈"
185,
186,"고급,선물,프리미엄"
187,"지인,추천,아이"
188,"몸보신,간편,집"
189,"간편,지인,소개,집"
190,"점심,저녁,아이"
191,"집들이,캠핑,집,간편,간장"
