,Unnamed: 0.2,Unnamed: 0.1,Unnamed: 0,제품명,가격,평균평점,아이디,평점,날짜,종류,요약,리뷰,ko_review,token_nouns,token,cleaned_tokens,sentiment_label,sentiment_score
55173,55173,55173,1053,굼FLEX 햄프씨드 먹은 굼벵이가 들어간 단백질 홍삼 스틱벌꿀 4종 꿀선물 굼플렉스 7g [원산지:국산(충청남도 예산군)],"4,000",5.0,per_***************,5.0,22.09.23.,"굼FLEX (7g x 1포): 오리지널 _ 1개
",유통기한아주 넉넉해요포장꼼꼼해요편리편리해요,"너무 맛있어요! 처음에는 그냥 홍삼+꿀로 된 스틱인 줄 알았어요! 요즘 꿀스틱 많이 먹잖아요. 당 떨어질때 초콜렛이나 사탕보다는 몸에 좋은 꿀로 당분 채우는게 좋을 것 같아서 요즘 사람들이 이런 스틱꿀로 건강을 많이 챙기나 봐요. 그런데 홍삼이랑 꿀만 들어간 스틱이 아니라 직접 키운 햄프씨드를 먹인 굼뱅이도 들어갔다고 하니 몸에 훨씬 도움이 되겠죠! 그냥 꿀은 먹으면 목이 칼칼해지는 홍삼의 쌉싸름한맛과 달달한 꿀맛. 그리고 새콤달콤한 블루베리맛, 달달한 복숭아맛, 향긋한 쑥향까지 여러가지 맛이 다 맛있고 일반 꿀 스틱보다 먹기가 좋네요! 아주 맛있습니다. 당 떨어질때 건강하게 한 포씩 먹기 딱입니다. 본 리뷰는 제품을 제공받고 솔직하게 작성한 리뷰입니다^^",너무 맛있어요 처음에는 그냥 홍삼꿀로 된 스틱인 줄 알았어요 요즘 꿀스틱 많이 먹잖아요 당 떨어질때 초콜렛이나 사탕보다는 몸에 좋은 꿀로 당분 채우는게 좋을 것 같아서 요즘 사람들이 이런 스틱꿀로 건강을 많이 챙기나 봐요 그런데 홍삼이랑 꿀만 들어간 스틱이 아니라 직접 키운 햄프씨드를 먹인 굼뱅이도 들어갔다고 하니 몸에 훨씬 도움이 되겠죠 그냥 꿀은 먹으면 목이 칼칼해지는 홍삼의 쌉싸름한맛과 달달한 꿀맛 그리고 새콤달콤한 블루베리맛 달달한 복숭아맛 향긋한 쑥향까지 여러가지 맛이 다 맛있고 일반 꿀 스틱보다 먹기가 좋네요 아주 맛있습니다 당 떨어질때 건강하게 한 포씩 먹기 딱입니다 본 리뷰는 제품을 제공받고 솔직하게 작성한 리뷰입니다,"['처음', '홍삼', '꿀', '스틱', '줄', '요즘', '꿀스틱', '당', '때', '초콜렛', '사탕', '몸', '꿀', '당분', '거', '것', '요즘', '사람', '스틱', '꿀', '건강', '홍삼', '꿀', '스틱', '햄프씨드', '굼뱅이', '몸', '도움', '꿀', '목', '홍삼', '맛과', '꿀맛', '콤', '콤', '블루베리', '맛', '복숭아', '맛', '쑥향', '가지', '맛', '일반', '꿀', '스틱', '당', '때', '포', '리뷰', '제품', '제공', '리뷰']","[('너무', 'MAG'), ('맛있', 'VA'), ('어요', 'EF'), ('처음', 'NNG'), ('에', 'JKB'), ('는', 'JX'), ('그냥', 'MAG'), ('홍삼', 'NNG'), ('꿀', 'NNG'), ('로', 'JKB'), ('되', 'VV'), ('ㄴ', 'ETM'), ('스틱', 'NNG'), ('이', 'VCP'), ('ㄴ', 'ETM'), ('줄', 'NNB'), ('알', 'VV'), ('았', 'EP'), ('어요', 'EF'), ('요즘', 'NNG'), ('꿀스틱', 'NNG'), ('많이', 'MAG'), ('먹', 'VV'), ('잖아', 'EF'), ('요', 'JX'), ('당', 'NNG'), ('떨어지', 'VV'), ('ㄹ', 'ETM'), ('때', 'NNG'), ('초콜렛', 'NNG'), ('이나', 'JC'), ('사탕', 'NNG'), ('보다', 'JKB'), ('는', 'JX'), ('몸', 'NNG'), ('에', 'JKB'), ('좋', 'VA'), ('은', 'ETM'), ('꿀', 'NNG'), ('로', 'JKB'), ('당분', 'NNG'), ('채우', 'VV'), ('는', 'ETM'), ('거', 'NNB'), ('이', 'JKS'), ('좋', 'VA'), ('을', 'ETM'), ('것', 'NNB'), ('같', 'VA'), ('아서', 'EC'), ('요즘', 'NNG'), ('사람', 'NNG'), ('들', 'XSN'), ('이', 'JKS'), ('이런', 'MMD'), ('스틱', 'NNG'), ('꿀', 'NNG'), ('로', 'JKB'), ('건강', 'NNG'), ('을', 'JKO'), ('많이', 'MAG'), ('챙기', 'VV'), ('나', 'EC'), ('보', 'VX'), ('아요', 'EF'), ('그런데', 'MAJ'), ('홍삼', 'NNG'), ('이랑', 'JC'), ('꿀', 'NNG'), ('만', 'JX'), ('들어가', 'VV'), ('ㄴ', 'ETM'), ('스틱', 'NNG'), ('이', 'JKC'), ('아니', 'VCN'), ('라', 'EC'), ('직접', 'MAG'), ('키우', 'VV'), ('ㄴ', 'ETM'), ('햄프씨드', 'NNG'), ('를', 'JKO'), ('먹이', 'VV'), ('ㄴ', 'ETM'), ('굼뱅이', 'NNG'), ('도', 'JX'), ('들어가', 'VV'), ('았', 'EP'), ('다고', 'EC'), ('하', 'VV'), ('니', 'EC'), ('몸', 'NNG'), ('에', 'JKB'), ('훨씬', 'MAG'), ('도움', 'NNG'), ('이', 'JKC'), ('되', 'VV'), ('겠', 'EP'), ('죠', 'EF'), ('그냥', 'MAG'), ('꿀', 'NNG'), ('은', 'JX'), ('먹', 'VV'), ('으면', 'EC'), ('목', 'NNG'), ('이', 'JKS'), ('칼칼하', 'VA'), ('아', 'EC'), ('지', 'VX'), ('는', 'ETM'), ('홍삼', 'NNG'), ('의', 'JKG'), ('쌉싸름하', 'VA'), ('ㄴ', 'ETM'), ('맛과', 'NNG'), ('달달하', 'VA'), ('ㄴ', 'ETM'), ('꿀맛', 'NNG'), ('그리고', 'MAJ'), ('새', 'VV'), ('콤', 'NNG'), ('달', 'VV'), ('콤', 'NNG'), ('하', 'XSA'), ('ㄴ', 'ETM'), ('블루베리', 'NNG'), ('맛', 'NNG'), ('달달하', 'VA'), ('ㄴ', 'ETM'), ('복숭아', 'NNG'), ('맛', 'NNG'), ('향긋하', 'VA'), ('ㄴ', 'ETM'), ('쑥향', 'NNG'), ('까지', 'JX'), ('여러', 'MMN'), ('가지', 'NNB'), ('맛', 'NNG'), ('이', 'JKS'), ('다', 'MAG'), ('맛있', 'VA'), ('고', 'EC'), ('일반', 'NNG'), ('꿀', 'NNG'), ('스틱', 'NNG'), ('보다', 'JKB'), ('먹', 'VV'), ('기', 'ETN'), ('가', 'JKS'), ('좋', 'VA'), ('네', 'EF'), ('요', 'JX'), ('아주', 'MAG'), ('맛있', 'VA'), ('습니다', 'EF'), ('당', 'NNG'), ('떨어지', 'VV'), ('ㄹ', 'ETM'), ('때', 'NNG'), ('건강하', 'VA'), ('게', 'EC'), ('한', 'MMN'), ('포', 'NNG'), ('씩', 'XSN'), ('먹', 'VV'), ('기', 'ETN'), ('딱', 'MAG'), ('이', 'VCP'), ('ㅂ니다', 'EF'), ('보', 'VV'), ('ㄴ', 'ETM'), ('리뷰', 'NNG'), ('는', 'JX'), ('제품', 'NNG'), ('을', 'JKO'), ('제공', 'NNG'), ('받', 'VV'), ('고', 'EC'), ('솔직하', 'VA'), ('게', 'EC'), ('작성하', 'VV'), ('ㄴ', 'ETM'), ('리뷰', 'NNG'), ('이', 'VCP'), ('ㅂ니다', 'EF')]","['처음', '홍삼', '꿀', '스틱', '줄', '요즘', '꿀스틱', '당', '초콜렛', '사탕', '몸', '꿀', '당분', '요즘', '스틱', '꿀', '건강', '홍삼', '꿀', '스틱', '햄프씨드', '굼뱅이', '몸', '도움', '꿀', '목', '홍삼', '맛과', '꿀맛', '콤', '콤', '블루베리', '맛', '복숭아', '맛', '쑥향', '가지', '맛', '일반', '꿀', '스틱', '당', '리뷰', '제품', '제공', '리뷰']",긍정,0.9953497648239136
55174,55174,55174,1054,굼FLEX 햄프씨드 먹은 굼벵이가 들어간 단백질 홍삼 스틱벌꿀 4종 꿀선물 굼플렉스 7g [원산지:국산(충청남도 예산군)],"4,000",5.0,per_***************,5.0,22.09.23.,"굼FLEX (7g x 1포): 복숭아 _ 1개
",유통기한아주 넉넉해요포장꼼꼼해요편리편리해요,"너무 맛있어요! 처음에는 그냥 홍삼+꿀로 된 스틱인 줄 알았어요! 요즘 꿀스틱 많이 먹잖아요. 당 떨어질때 초콜렛이나 사탕보다는 몸에 좋은 꿀로 당분 채우는게 좋을 것 같아서 요즘 사람들이 이런 스틱꿀로 건강을 많이 챙기나 봐요. 그런데 홍삼이랑 꿀만 들어간 스틱이 아니라 직접 키운 햄프씨드를 먹인 굼뱅이도 들어갔다고 하니 몸에 훨씬 도움이 되겠죠! 그냥 꿀은 먹으면 목이 칼칼해지는 홍삼의 쌉싸름한맛과 달달한 꿀맛. 그리고 새콤달콤한 블루베리맛, 달달한 복숭아맛, 향긋한 쑥향까지 여러가지 맛이 다 맛있고 일반 꿀 스틱보다 먹기가 좋네요! 아주 맛있습니다. 당 떨어질때 건강하게 한 포씩 먹기 딱입니다. 본 리뷰는 제품을 제공받고 솔직하게 작성한 리뷰입니다^^",너무 맛있어요 처음에는 그냥 홍삼꿀로 된 스틱인 줄 알았어요 요즘 꿀스틱 많이 먹잖아요 당 떨어질때 초콜렛이나 사탕보다는 몸에 좋은 꿀로 당분 채우는게 좋을 것 같아서 요즘 사람들이 이런 스틱꿀로 건강을 많이 챙기나 봐요 그런데 홍삼이랑 꿀만 들어간 스틱이 아니라 직접 키운 햄프씨드를 먹인 굼뱅이도 들어갔다고 하니 몸에 훨씬 도움이 되겠죠 그냥 꿀은 먹으면 목이 칼칼해지는 홍삼의 쌉싸름한맛과 달달한 꿀맛 그리고 새콤달콤한 블루베리맛 달달한 복숭아맛 향긋한 쑥향까지 여러가지 맛이 다 맛있고 일반 꿀 스틱보다 먹기가 좋네요 아주 맛있습니다 당 떨어질때 건강하게 한 포씩 먹기 딱입니다 본 리뷰는 제품을 제공받고 솔직하게 작성한 리뷰입니다,"['처음', '홍삼', '꿀', '스틱', '줄', '요즘', '꿀스틱', '당', '때', '초콜렛', '사탕', '몸', '꿀', '당분', '거', '것', '요즘', '사람', '스틱', '꿀', '건강', '홍삼', '꿀', '스틱', '햄프씨드', '굼뱅이', '몸', '도움', '꿀', '목', '홍삼', '맛과', '꿀맛', '콤', '콤', '블루베리', '맛', '복숭아', '맛', '쑥향', '가지', '맛', '일반', '꿀', '스틱', '당', '때', '포', '리뷰', '제품', '제공', '리뷰']","[('너무', 'MAG'), ('맛있', 'VA'), ('어요', 'EF'), ('처음', 'NNG'), ('에', 'JKB'), ('는', 'JX'), ('그냥', 'MAG'), ('홍삼', 'NNG'), ('꿀', 'NNG'), ('로', 'JKB'), ('되', 'VV'), ('ㄴ', 'ETM'), ('스틱', 'NNG'), ('이', 'VCP'), ('ㄴ', 'ETM'), ('줄', 'NNB'), ('알', 'VV'), ('았', 'EP'), ('어요', 'EF'), ('요즘', 'NNG'), ('꿀스틱', 'NNG'), ('많이', 'MAG'), ('먹', 'VV'), ('잖아', 'EF'), ('요', 'JX'), ('당', 'NNG'), ('떨어지', 'VV'), ('ㄹ', 'ETM'), ('때', 'NNG'), ('초콜렛', 'NNG'), ('이나', 'JC'), ('사탕', 'NNG'), ('보다', 'JKB'), ('는', 'JX'), ('몸', 'NNG'), ('에', 'JKB'), ('좋', 'VA'), ('은', 'ETM'), ('꿀', 'NNG'), ('로', 'JKB'), ('당분', 'NNG'), ('채우', 'VV'), ('는', 'ETM'), ('거', 'NNB'), ('이', 'JKS'), ('좋', 'VA'), ('을', 'ETM'), ('것', 'NNB'), ('같', 'VA'), ('아서', 'EC'), ('요즘', 'NNG'), ('사람', 'NNG'), ('들', 'XSN'), ('이', 'JKS'), ('이런', 'MMD'), ('스틱', 'NNG'), ('꿀', 'NNG'), ('로', 'JKB'), ('건강', 'NNG'), ('을', 'JKO'), ('많이', 'MAG'), ('챙기', 'VV'), ('나', 'EC'), ('보', 'VX'), ('아요', 'EF'), ('그런데', 'MAJ'), ('홍삼', 'NNG'), ('이랑', 'JC'), ('꿀', 'NNG'), ('만', 'JX'), ('들어가', 'VV'), ('ㄴ', 'ETM'), ('스틱', 'NNG'), ('이', 'JKC'), ('아니', 'VCN'), ('라', 'EC'), ('직접', 'MAG'), ('키우', 'VV'), ('ㄴ', 'ETM'), ('햄프씨드', 'NNG'), ('를', 'JKO'), ('먹이', 'VV'), ('ㄴ', 'ETM'), ('굼뱅이', 'NNG'), ('도', 'JX'), ('들어가', 'VV'), ('았', 'EP'), ('다고', 'EC'), ('하', 'VV'), ('니', 'EC'), ('몸', 'NNG'), ('에', 'JKB'), ('훨씬', 'MAG'), ('도움', 'NNG'), ('이', 'JKC'), ('되', 'VV'), ('겠', 'EP'), ('죠', 'EF'), ('그냥', 'MAG'), ('꿀', 'NNG'), ('은', 'JX'), ('먹', 'VV'), ('으면', 'EC'), ('목', 'NNG'), ('이', 'JKS'), ('칼칼하', 'VA'), ('아', 'EC'), ('지', 'VX'), ('는', 'ETM'), ('홍삼', 'NNG'), ('의', 'JKG'), ('쌉싸름하', 'VA'), ('ㄴ', 'ETM'), ('맛과', 'NNG'), ('달달하', 'VA'), ('ㄴ', 'ETM'), ('꿀맛', 'NNG'), ('그리고', 'MAJ'), ('새', 'VV'), ('콤', 'NNG'), ('달', 'VV'), ('콤', 'NNG'), ('하', 'XSA'), ('ㄴ', 'ETM'), ('블루베리', 'NNG'), ('맛', 'NNG'), ('달달하', 'VA'), ('ㄴ', 'ETM'), ('복숭아', 'NNG'), ('맛', 'NNG'), ('향긋하', 'VA'), ('ㄴ', 'ETM'), ('쑥향', 'NNG'), ('까지', 'JX'), ('여러', 'MMN'), ('가지', 'NNB'), ('맛', 'NNG'), ('이', 'JKS'), ('다', 'MAG'), ('맛있', 'VA'), ('고', 'EC'), ('일반', 'NNG'), ('꿀', 'NNG'), ('스틱', 'NNG'), ('보다', 'JKB'), ('먹', 'VV'), ('기', 'ETN'), ('가', 'JKS'), ('좋', 'VA'), ('네', 'EF'), ('요', 'JX'), ('아주', 'MAG'), ('맛있', 'VA'), ('습니다', 'EF'), ('당', 'NNG'), ('떨어지', 'VV'), ('ㄹ', 'ETM'), ('때', 'NNG'), ('건강하', 'VA'), ('게', 'EC'), ('한', 'MMN'), ('포', 'NNG'), ('씩', 'XSN'), ('먹', 'VV'), ('기', 'ETN'), ('딱', 'MAG'), ('이', 'VCP'), ('ㅂ니다', 'EF'), ('보', 'VV'), ('ㄴ', 'ETM'), ('리뷰', 'NNG'), ('는', 'JX'), ('제품', 'NNG'), ('을', 'JKO'), ('제공', 'NNG'), ('받', 'VV'), ('고', 'EC'), ('솔직하', 'VA'), ('게', 'EC'), ('작성하', 'VV'), ('ㄴ', 'ETM'), ('리뷰', 'NNG'), ('이', 'VCP'), ('ㅂ니다', 'EF')]","['처음', '홍삼', '꿀', '스틱', '줄', '요즘', '꿀스틱', '당', '초콜렛', '사탕', '몸', '꿀', '당분', '요즘', '스틱', '꿀', '건강', '홍삼', '꿀', '스틱', '햄프씨드', '굼뱅이', '몸', '도움', '꿀', '목', '홍삼', '맛과', '꿀맛', '콤', '콤', '블루베리', '맛', '복숭아', '맛', '쑥향', '가지', '맛', '일반', '꿀', '스틱', '당', '리뷰', '제품', '제공', '리뷰']",긍정,0.9953497648239136
55175,55175,55175,1055,굼FLEX 햄프씨드 먹은 굼벵이가 들어간 단백질 홍삼 스틱벌꿀 4종 꿀선물 굼플렉스 7g [원산지:국산(충청남도 예산군)],"4,000",5.0,fa****,5.0,22.10.17.,"굼FLEX (7g x 1포): 인진쑥 _ 1개
",유통기한아주 넉넉해요포장꼼꼼해요편리편리해요,몸에 좋은 건 알고 있지만 어딘지 거부감이 들 수 있는 굼벵이를 다양한 맛으로 홍삼과 함께 간편하게 챙겨먹을 수 있어서 만족스러워요~ 맛도 생각보다 훨씬 맛있어서 주변에도 선물해주려고요!,몸에 좋은 건 알고 있지만 어딘지 거부감이 들 수 있는 굼벵이를 다양한 맛으로 홍삼과 함께 간편하게 챙겨먹을 수 있어서 만족스러워요 맛도 생각보다 훨씬 맛있어서 주변에도 선물해주려고요,"['몸', '거', '어디', '거부감', '수', '굼벵이', '맛', '홍삼', '수', '맛', '생각', '주변']","[('몸', 'NNG'), ('에', 'JKB'), ('좋', 'VA'), ('은', 'ETM'), ('거', 'NNB'), ('ㄴ', 'JX'), ('알', 'VV'), ('고', 'EC'), ('있', 'VX'), ('지만', 'EC'), ('어디', 'NP'), ('이', 'VCP'), ('ㄴ지', 'EF'), ('거부감', 'NNG'), ('이', 'JKS'), ('들', 'VV'), ('ㄹ', 'ETM'), ('수', 'NNB'), ('있', 'VA'), ('는', 'ETM'), ('굼벵이', 'NNG'), ('를', 'JKO'), ('다양하', 'VA'), ('ㄴ', 'ETM'), ('맛', 'NNG'), ('으로', 'JKB'), ('홍삼', 'NNG'), ('과', 'JKB'), ('함께', 'MAG'), ('간편하', 'VA'), ('게', 'EC'), ('챙기', 'VV'), ('어', 'EC'), ('먹', 'VX'), ('을', 'ETM'), ('수', 'NNB'), ('있', 'VA'), ('어서', 'EC'), ('만족스럽', 'VA'), ('어요', 'EF'), ('맛', 'NNG'), ('도', 'JX'), ('생각', 'NNG'), ('보다', 'JKB'), ('훨씬', 'MAG'), ('맛있', 'VA'), ('어서', 'EC'), ('주변', 'NNG'), ('에', 'JKB'), ('도', 'JX'), ('선물하', 'VV'), ('아', 'EC'), ('주', 'VX'), ('려고', 'EF'), ('요', 'JX')]","['몸', '어디', '거부감', '굼벵이', '맛', '홍삼', '맛', '생각', '주변']",긍정,0.9937503933906555
55176,55176,55176,1056,굼FLEX 햄프씨드 먹은 굼벵이가 들어간 단백질 홍삼 스틱벌꿀 4종 꿀선물 굼플렉스 7g [원산지:국산(충청남도 예산군)],"4,000",5.0,tv****,5.0,22.10.19.,"굼FLEX (7g x 1포): 인진쑥 _ 1개
",유통기한아주 넉넉해요포장꼼꼼해요편리편리해요,"굼벵이라고 해서 살짝 진입장벽이 느껴졌었는데, 먹어보니 거부감이 하나도 없고 맛있게 즐길 수 있었어요! 성분도 좋고 패키지도 예뻐서 다음에는
부모님 선물용으로 구매하려고요 🙂",굼벵이라고 해서 살짝 진입장벽이 느껴졌었는데 먹어보니 거부감이 하나도 없고 맛있게 즐길 수 있었어요 성분도 좋고 패키지도 예뻐서 다음에는부모님 선물용으로 구매하려고요 ,"['굼벵이', '진입', '장벽', '거부감', '수', '성분', '패키지', '다음', '부모', '선물']","[('굼벵이', 'NNG'), ('이', 'VCP'), ('라고', 'EC'), ('하', 'VV'), ('아서', 'EC'), ('살짝', 'MAG'), ('진입', 'NNG'), ('장벽', 'NNG'), ('이', 'JKS'), ('느끼', 'VV'), ('어', 'EC'), ('지', 'VX'), ('었었', 'EP'), ('는데', 'EC'), ('먹', 'VV'), ('어', 'EC'), ('보', 'VX'), ('니', 'EC'), ('거부감', 'NNG'), ('이', 'JKS'), ('하나', 'NR'), ('도', 'JX'), ('없', 'VA'), ('고', 'EC'), ('맛있', 'VA'), ('게', 'EC'), ('즐기', 'VV'), ('ㄹ', 'ETM'), ('수', 'NNB'), ('있', 'VA'), ('었', 'EP'), ('어요', 'EF'), ('성분', 'NNG'), ('도', 'JX'), ('좋', 'VA'), ('고', 'EC'), ('패키지', 'NNG'), ('도', 'JX'), ('예쁘', 'VA'), ('어서', 'EC'), ('다음', 'NNG'), ('에', 'JKB'), ('는', 'JX'), ('부모', 'NNG'), ('님', 'XSN'), ('선물', 'NNG'), ('용', 'XSN'), ('으로', 'JKB'), ('구매하', 'VV'), ('려고', 'EF'), ('요', 'JX')]","['굼벵이', '진입', '장벽', '거부감', '성분', '패키지', '다음', '부모', '선물']",긍정,0.9945791959762573
55177,55177,55177,1057,굼FLEX 햄프씨드 먹은 굼벵이가 들어간 단백질 홍삼 스틱벌꿀 4종 꿀선물 굼플렉스 7g [원산지:국산(충청남도 예산군)],"4,000",5.0,tv****,5.0,22.10.19.,"굼FLEX (7g x 1포): 오리지널 _ 1개
",유통기한아주 넉넉해요포장꼼꼼해요편리편리해요,굼벵이라고 해서 진입장벽이 살짝 있었는데 먹어보니 하나도 거부감이 없고 맛있게 즐길 수 있었어요! 성분도 좋고 패키지도 예뻐서 다음에는 부모님 선물용으로 구매하려고요 🙂,굼벵이라고 해서 진입장벽이 살짝 있었는데 먹어보니 하나도 거부감이 없고 맛있게 즐길 수 있었어요 성분도 좋고 패키지도 예뻐서 다음에는 부모님 선물용으로 구매하려고요 ,"['굼벵이', '진입', '장벽', '거부감', '수', '성분', '패키지', '다음', '부모', '선물']","[('굼벵이', 'NNG'), ('이', 'VCP'), ('라고', 'EC'), ('하', 'VV'), ('아서', 'EC'), ('진입', 'NNG'), ('장벽', 'NNG'), ('이', 'JKS'), ('살짝', 'MAG'), ('있', 'VA'), ('었', 'EP'), ('는데', 'EC'), ('먹', 'VV'), ('어', 'EC'), ('보', 'VX'), ('니', 'EC'), ('하나', 'NR'), ('도', 'JX'), ('거부감', 'NNG'), ('이', 'JKS'), ('없', 'VA'), ('고', 'EC'), ('맛있', 'VA'), ('게', 'EC'), ('즐기', 'VV'), ('ㄹ', 'ETM'), ('수', 'NNB'), ('있', 'VA'), ('었', 'EP'), ('어요', 'EF'), ('성분', 'NNG'), ('도', 'JX'), ('좋', 'VA'), ('고', 'EC'), ('패키지', 'NNG'), ('도', 'JX'), ('예쁘', 'VA'), ('어서', 'EC'), ('다음', 'NNG'), ('에', 'JKB'), ('는', 'JX'), ('부모', 'NNG'), ('님', 'XSN'), ('선물', 'NNG'), ('용', 'XSN'), ('으로', 'JKB'), ('구매하', 'VV'), ('려고', 'EF'), ('요', 'JX')]","['굼벵이', '진입', '장벽', '거부감', '성분', '패키지', '다음', '부모', '선물']",긍정,0.9946507811546326
55178,55178,55178,1058,굼FLEX 햄프씨드 먹은 굼벵이가 들어간 단백질 홍삼 스틱벌꿀 4종 꿀선물 굼플렉스 7g [원산지:국산(충청남도 예산군)],"4,000",5.0,tv****,5.0,22.10.19.,"굼FLEX (7g x 1포): 블루베리 _ 1개
",유통기한아주 넉넉해요포장꼼꼼해요편리편리해요,굼벵이라고 해서 진입장벽이 살짝 있었는데 먹어보니 하나도 거부감이 없고 맛있게 즐길 수 있었어요! 성분도 좋고 패키지도 예뻐서 다음에는 부모님 선물용으로 구매하려고요 🙂,굼벵이라고 해서 진입장벽이 살짝 있었는데 먹어보니 하나도 거부감이 없고 맛있게 즐길 수 있었어요 성분도 좋고 패키지도 예뻐서 다음에는 부모님 선물용으로 구매하려고요 ,"['굼벵이', '진입', '장벽', '거부감', '수', '성분', '패키지', '다음', '부모', '선물']","[('굼벵이', 'NNG'), ('이', 'VCP'), ('라고', 'EC'), ('하', 'VV'), ('아서', 'EC'), ('진입', 'NNG'), ('장벽', 'NNG'), ('이', 'JKS'), ('살짝', 'MAG'), ('있', 'VA'), ('었', 'EP'), ('는데', 'EC'), ('먹', 'VV'), ('어', 'EC'), ('보', 'VX'), ('니', 'EC'), ('하나', 'NR'), ('도', 'JX'), ('거부감', 'NNG'), ('이', 'JKS'), ('없', 'VA'), ('고', 'EC'), ('맛있', 'VA'), ('게', 'EC'), ('즐기', 'VV'), ('ㄹ', 'ETM'), ('수', 'NNB'), ('있', 'VA'), ('었', 'EP'), ('어요', 'EF'), ('성분', 'NNG'), ('도', 'JX'), ('좋', 'VA'), ('고', 'EC'), ('패키지', 'NNG'), ('도', 'JX'), ('예쁘', 'VA'), ('어서', 'EC'), ('다음', 'NNG'), ('에', 'JKB'), ('는', 'JX'), ('부모', 'NNG'), ('님', 'XSN'), ('선물', 'NNG'), ('용', 'XSN'), ('으로', 'JKB'), ('구매하', 'VV'), ('려고', 'EF'), ('요', 'JX')]","['굼벵이', '진입', '장벽', '거부감', '성분', '패키지', '다음', '부모', '선물']",긍정,0.9946507811546326
55179,55179,55179,1059,굼FLEX 햄프씨드 먹은 굼벵이가 들어간 단백질 홍삼 스틱벌꿀 4종 꿀선물 굼플렉스 7g [원산지:국산(충청남도 예산군)],"4,000",5.0,tv****,5.0,22.10.19.,"굼FLEX (7g x 1포): 복숭아 _ 1개
",유통기한아주 넉넉해요포장꼼꼼해요편리편리해요,굼벵이라고 해서 진입장벽이 살짝 있었는데 먹어보니 하나도 거부감이 없고 맛있게 즐길 수 있었어요! 성분도 좋고 패키지도 예뻐서 다음에는 부모님 선물용으로 구매하려고요 🙂,굼벵이라고 해서 진입장벽이 살짝 있었는데 먹어보니 하나도 거부감이 없고 맛있게 즐길 수 있었어요 성분도 좋고 패키지도 예뻐서 다음에는 부모님 선물용으로 구매하려고요 ,"['굼벵이', '진입', '장벽', '거부감', '수', '성분', '패키지', '다음', '부모', '선물']","[('굼벵이', 'NNG'), ('이', 'VCP'), ('라고', 'EC'), ('하', 'VV'), ('아서', 'EC'), ('진입', 'NNG'), ('장벽', 'NNG'), ('이', 'JKS'), ('살짝', 'MAG'), ('있', 'VA'), ('었', 'EP'), ('는데', 'EC'), ('먹', 'VV'), ('어', 'EC'), ('보', 'VX'), ('니', 'EC'), ('하나', 'NR'), ('도', 'JX'), ('거부감', 'NNG'), ('이', 'JKS'), ('없', 'VA'), ('고', 'EC'), ('맛있', 'VA'), ('게', 'EC'), ('즐기', 'VV'), ('ㄹ', 'ETM'), ('수', 'NNB'), ('있', 'VA'), ('었', 'EP'), ('어요', 'EF'), ('성분', 'NNG'), ('도', 'JX'), ('좋', 'VA'), ('고', 'EC'), ('패키지', 'NNG'), ('도', 'JX'), ('예쁘', 'VA'), ('어서', 'EC'), ('다음', 'NNG'), ('에', 'JKB'), ('는', 'JX'), ('부모', 'NNG'), ('님', 'XSN'), ('선물', 'NNG'), ('용', 'XSN'), ('으로', 'JKB'), ('구매하', 'VV'), ('려고', 'EF'), ('요', 'JX')]","['굼벵이', '진입', '장벽', '거부감', '성분', '패키지', '다음', '부모', '선물']",긍정,0.9946507811546326
55180,55180,55180,1060,굼FLEX 햄프씨드 먹은 굼벵이가 들어간 단백질 홍삼 스틱벌꿀 4종 꿀선물 굼플렉스 7g [원산지:국산(충청남도 예산군)],"4,000",5.0,per_***************,5.0,22.09.23.,"굼FLEX (7g x 1포): 인진쑥 _ 1개
",유통기한아주 넉넉해요포장꼼꼼해요편리편리해요,"너무 맛있어요! 처음에는 그냥 홍삼+꿀로 된 스틱인 줄 알았어요! 요즘 꿀스틱 많이 먹잖아요. 당 떨어질때 초콜렛이나 사탕보다는 몸에 좋은 꿀로 당분 채우는게 좋을 것 같아서 요즘 사람들이 이런 스틱꿀로 건강을 많이 챙기나 봐요. 그런데 홍삼이랑 꿀만 들어간 스틱이 아니라 직접 키운 햄프씨드를 먹인 굼뱅이도 들어갔다고 하니 몸에 훨씬 도움이 되겠죠! 그냥 꿀은 먹으면 목이 칼칼해지는 홍삼의 쌉싸름한맛과 달달한 꿀맛. 그리고 새콤달콤한 블루베리맛, 달달한 복숭아맛, 향긋한 쑥향까지 여러가지 맛이 다 맛있고 일반 꿀 스틱보다 먹기가 좋네요! 아주 맛있습니다. 당 떨어질때 건강하게 한 포씩 먹기 딱입니다. 본 리뷰는 제품을 제공받고 솔직하게 작성한 리뷰입니다^^",너무 맛있어요 처음에는 그냥 홍삼꿀로 된 스틱인 줄 알았어요 요즘 꿀스틱 많이 먹잖아요 당 떨어질때 초콜렛이나 사탕보다는 몸에 좋은 꿀로 당분 채우는게 좋을 것 같아서 요즘 사람들이 이런 스틱꿀로 건강을 많이 챙기나 봐요 그런데 홍삼이랑 꿀만 들어간 스틱이 아니라 직접 키운 햄프씨드를 먹인 굼뱅이도 들어갔다고 하니 몸에 훨씬 도움이 되겠죠 그냥 꿀은 먹으면 목이 칼칼해지는 홍삼의 쌉싸름한맛과 달달한 꿀맛 그리고 새콤달콤한 블루베리맛 달달한 복숭아맛 향긋한 쑥향까지 여러가지 맛이 다 맛있고 일반 꿀 스틱보다 먹기가 좋네요 아주 맛있습니다 당 떨어질때 건강하게 한 포씩 먹기 딱입니다 본 리뷰는 제품을 제공받고 솔직하게 작성한 리뷰입니다,"['처음', '홍삼', '꿀', '스틱', '줄', '요즘', '꿀스틱', '당', '때', '초콜렛', '사탕', '몸', '꿀', '당분', '거', '것', '요즘', '사람', '스틱', '꿀', '건강', '홍삼', '꿀', '스틱', '햄프씨드', '굼뱅이', '몸', '도움', '꿀', '목', '홍삼', '맛과', '꿀맛', '콤', '콤', '블루베리', '맛', '복숭아', '맛', '쑥향', '가지', '맛', '일반', '꿀', '스틱', '당', '때', '포', '리뷰', '제품', '제공', '리뷰']","[('너무', 'MAG'), ('맛있', 'VA'), ('어요', 'EF'), ('처음', 'NNG'), ('에', 'JKB'), ('는', 'JX'), ('그냥', 'MAG'), ('홍삼', 'NNG'), ('꿀', 'NNG'), ('로', 'JKB'), ('되', 'VV'), ('ㄴ', 'ETM'), ('스틱', 'NNG'), ('이', 'VCP'), ('ㄴ', 'ETM'), ('줄', 'NNB'), ('알', 'VV'), ('았', 'EP'), ('어요', 'EF'), ('요즘', 'NNG'), ('꿀스틱', 'NNG'), ('많이', 'MAG'), ('먹', 'VV'), ('잖아', 'EF'), ('요', 'JX'), ('당', 'NNG'), ('떨어지', 'VV'), ('ㄹ', 'ETM'), ('때', 'NNG'), ('초콜렛', 'NNG'), ('이나', 'JC'), ('사탕', 'NNG'), ('보다', 'JKB'), ('는', 'JX'), ('몸', 'NNG'), ('에', 'JKB'), ('좋', 'VA'), ('은', 'ETM'), ('꿀', 'NNG'), ('로', 'JKB'), ('당분', 'NNG'), ('채우', 'VV'), ('는', 'ETM'), ('거', 'NNB'), ('이', 'JKS'), ('좋', 'VA'), ('을', 'ETM'), ('것', 'NNB'), ('같', 'VA'), ('아서', 'EC'), ('요즘', 'NNG'), ('사람', 'NNG'), ('들', 'XSN'), ('이', 'JKS'), ('이런', 'MMD'), ('스틱', 'NNG'), ('꿀', 'NNG'), ('로', 'JKB'), ('건강', 'NNG'), ('을', 'JKO'), ('많이', 'MAG'), ('챙기', 'VV'), ('나', 'EC'), ('보', 'VX'), ('아요', 'EF'), ('그런데', 'MAJ'), ('홍삼', 'NNG'), ('이랑', 'JC'), ('꿀', 'NNG'), ('만', 'JX'), ('들어가', 'VV'), ('ㄴ', 'ETM'), ('스틱', 'NNG'), ('이', 'JKC'), ('아니', 'VCN'), ('라', 'EC'), ('직접', 'MAG'), ('키우', 'VV'), ('ㄴ', 'ETM'), ('햄프씨드', 'NNG'), ('를', 'JKO'), ('먹이', 'VV'), ('ㄴ', 'ETM'), ('굼뱅이', 'NNG'), ('도', 'JX'), ('들어가', 'VV'), ('았', 'EP'), ('다고', 'EC'), ('하', 'VV'), ('니', 'EC'), ('몸', 'NNG'), ('에', 'JKB'), ('훨씬', 'MAG'), ('도움', 'NNG'), ('이', 'JKC'), ('되', 'VV'), ('겠', 'EP'), ('죠', 'EF'), ('그냥', 'MAG'), ('꿀', 'NNG'), ('은', 'JX'), ('먹', 'VV'), ('으면', 'EC'), ('목', 'NNG'), ('이', 'JKS'), ('칼칼하', 'VA'), ('아', 'EC'), ('지', 'VX'), ('는', 'ETM'), ('홍삼', 'NNG'), ('의', 'JKG'), ('쌉싸름하', 'VA'), ('ㄴ', 'ETM'), ('맛과', 'NNG'), ('달달하', 'VA'), ('ㄴ', 'ETM'), ('꿀맛', 'NNG'), ('그리고', 'MAJ'), ('새', 'VV'), ('콤', 'NNG'), ('달', 'VV'), ('콤', 'NNG'), ('하', 'XSA'), ('ㄴ', 'ETM'), ('블루베리', 'NNG'), ('맛', 'NNG'), ('달달하', 'VA'), ('ㄴ', 'ETM'), ('복숭아', 'NNG'), ('맛', 'NNG'), ('향긋하', 'VA'), ('ㄴ', 'ETM'), ('쑥향', 'NNG'), ('까지', 'JX'), ('여러', 'MMN'), ('가지', 'NNB'), ('맛', 'NNG'), ('이', 'JKS'), ('다', 'MAG'), ('맛있', 'VA'), ('고', 'EC'), ('일반', 'NNG'), ('꿀', 'NNG'), ('스틱', 'NNG'), ('보다', 'JKB'), ('먹', 'VV'), ('기', 'ETN'), ('가', 'JKS'), ('좋', 'VA'), ('네', 'EF'), ('요', 'JX'), ('아주', 'MAG'), ('맛있', 'VA'), ('습니다', 'EF'), ('당', 'NNG'), ('떨어지', 'VV'), ('ㄹ', 'ETM'), ('때', 'NNG'), ('건강하', 'VA'), ('게', 'EC'), ('한', 'MMN'), ('포', 'NNG'), ('씩', 'XSN'), ('먹', 'VV'), ('기', 'ETN'), ('딱', 'MAG'), ('이', 'VCP'), ('ㅂ니다', 'EF'), ('보', 'VV'), ('ㄴ', 'ETM'), ('리뷰', 'NNG'), ('는', 'JX'), ('제품', 'NNG'), ('을', 'JKO'), ('제공', 'NNG'), ('받', 'VV'), ('고', 'EC'), ('솔직하', 'VA'), ('게', 'EC'), ('작성하', 'VV'), ('ㄴ', 'ETM'), ('리뷰', 'NNG'), ('이', 'VCP'), ('ㅂ니다', 'EF')]","['처음', '홍삼', '꿀', '스틱', '줄', '요즘', '꿀스틱', '당', '초콜렛', '사탕', '몸', '꿀', '당분', '요즘', '스틱', '꿀', '건강', '홍삼', '꿀', '스틱', '햄프씨드', '굼뱅이', '몸', '도움', '꿀', '목', '홍삼', '맛과', '꿀맛', '콤', '콤', '블루베리', '맛', '복숭아', '맛', '쑥향', '가지', '맛', '일반', '꿀', '스틱', '당', '리뷰', '제품', '제공', '리뷰']",긍정,0.9953497648239136
55181,55181,55181,1061,굼FLEX 햄프씨드 먹은 굼벵이가 들어간 단백질 홍삼 스틱벌꿀 4종 꿀선물 굼플렉스 7g [원산지:국산(충청남도 예산군)],"4,000",5.0,per_***************,5.0,22.09.23.,"굼FLEX (7g x 1포): 블루베리 _ 1개
",유통기한아주 넉넉해요포장꼼꼼해요편리편리해요,"너무 맛있어요! 처음에는 그냥 홍삼+꿀로 된 스틱인 줄 알았어요! 요즘 꿀스틱 많이 먹잖아요. 당 떨어질때 초콜렛이나 사탕보다는 몸에 좋은 꿀로 당분 채우는게 좋을 것 같아서 요즘 사람들이 이런 스틱꿀로 건강을 많이 챙기나 봐요. 그런데 홍삼이랑 꿀만 들어간 스틱이 아니라 직접 키운 햄프씨드를 먹인 굼뱅이도 들어갔다고 하니 몸에 훨씬 도움이 되겠죠! 그냥 꿀은 먹으면 목이 칼칼해지는 홍삼의 쌉싸름한맛과 달달한 꿀맛. 그리고 새콤달콤한 블루베리맛, 달달한 복숭아맛, 향긋한 쑥향까지 여러가지 맛이 다 맛있고 일반 꿀 스틱보다 먹기가 좋네요! 아주 맛있습니다. 당 떨어질때 건강하게 한 포씩 먹기 딱입니다. 본 리뷰는 제품을 제공받고 솔직하게 작성한 리뷰입니다^^",너무 맛있어요 처음에는 그냥 홍삼꿀로 된 스틱인 줄 알았어요 요즘 꿀스틱 많이 먹잖아요 당 떨어질때 초콜렛이나 사탕보다는 몸에 좋은 꿀로 당분 채우는게 좋을 것 같아서 요즘 사람들이 이런 스틱꿀로 건강을 많이 챙기나 봐요 그런데 홍삼이랑 꿀만 들어간 스틱이 아니라 직접 키운 햄프씨드를 먹인 굼뱅이도 들어갔다고 하니 몸에 훨씬 도움이 되겠죠 그냥 꿀은 먹으면 목이 칼칼해지는 홍삼의 쌉싸름한맛과 달달한 꿀맛 그리고 새콤달콤한 블루베리맛 달달한 복숭아맛 향긋한 쑥향까지 여러가지 맛이 다 맛있고 일반 꿀 스틱보다 먹기가 좋네요 아주 맛있습니다 당 떨어질때 건강하게 한 포씩 먹기 딱입니다 본 리뷰는 제품을 제공받고 솔직하게 작성한 리뷰입니다,"['처음', '홍삼', '꿀', '스틱', '줄', '요즘', '꿀스틱', '당', '때', '초콜렛', '사탕', '몸', '꿀', '당분', '거', '것', '요즘', '사람', '스틱', '꿀', '건강', '홍삼', '꿀', '스틱', '햄프씨드', '굼뱅이', '몸', '도움', '꿀', '목', '홍삼', '맛과', '꿀맛', '콤', '콤', '블루베리', '맛', '복숭아', '맛', '쑥향', '가지', '맛', '일반', '꿀', '스틱', '당', '때', '포', '리뷰', '제품', '제공', '리뷰']","[('너무', 'MAG'), ('맛있', 'VA'), ('어요', 'EF'), ('처음', 'NNG'), ('에', 'JKB'), ('는', 'JX'), ('그냥', 'MAG'), ('홍삼', 'NNG'), ('꿀', 'NNG'), ('로', 'JKB'), ('되', 'VV'), ('ㄴ', 'ETM'), ('스틱', 'NNG'), ('이', 'VCP'), ('ㄴ', 'ETM'), ('줄', 'NNB'), ('알', 'VV'), ('았', 'EP'), ('어요', 'EF'), ('요즘', 'NNG'), ('꿀스틱', 'NNG'), ('많이', 'MAG'), ('먹', 'VV'), ('잖아', 'EF'), ('요', 'JX'), ('당', 'NNG'), ('떨어지', 'VV'), ('ㄹ', 'ETM'), ('때', 'NNG'), ('초콜렛', 'NNG'), ('이나', 'JC'), ('사탕', 'NNG'), ('보다', 'JKB'), ('는', 'JX'), ('몸', 'NNG'), ('에', 'JKB'), ('좋', 'VA'), ('은', 'ETM'), ('꿀', 'NNG'), ('로', 'JKB'), ('당분', 'NNG'), ('채우', 'VV'), ('는', 'ETM'), ('거', 'NNB'), ('이', 'JKS'), ('좋', 'VA'), ('을', 'ETM'), ('것', 'NNB'), ('같', 'VA'), ('아서', 'EC'), ('요즘', 'NNG'), ('사람', 'NNG'), ('들', 'XSN'), ('이', 'JKS'), ('이런', 'MMD'), ('스틱', 'NNG'), ('꿀', 'NNG'), ('로', 'JKB'), ('건강', 'NNG'), ('을', 'JKO'), ('많이', 'MAG'), ('챙기', 'VV'), ('나', 'EC'), ('보', 'VX'), ('아요', 'EF'), ('그런데', 'MAJ'), ('홍삼', 'NNG'), ('이랑', 'JC'), ('꿀', 'NNG'), ('만', 'JX'), ('들어가', 'VV'), ('ㄴ', 'ETM'), ('스틱', 'NNG'), ('이', 'JKC'), ('아니', 'VCN'), ('라', 'EC'), ('직접', 'MAG'), ('키우', 'VV'), ('ㄴ', 'ETM'), ('햄프씨드', 'NNG'), ('를', 'JKO'), ('먹이', 'VV'), ('ㄴ', 'ETM'), ('굼뱅이', 'NNG'), ('도', 'JX'), ('들어가', 'VV'), ('았', 'EP'), ('다고', 'EC'), ('하', 'VV'), ('니', 'EC'), ('몸', 'NNG'), ('에', 'JKB'), ('훨씬', 'MAG'), ('도움', 'NNG'), ('이', 'JKC'), ('되', 'VV'), ('겠', 'EP'), ('죠', 'EF'), ('그냥', 'MAG'), ('꿀', 'NNG'), ('은', 'JX'), ('먹', 'VV'), ('으면', 'EC'), ('목', 'NNG'), ('이', 'JKS'), ('칼칼하', 'VA'), ('아', 'EC'), ('지', 'VX'), ('는', 'ETM'), ('홍삼', 'NNG'), ('의', 'JKG'), ('쌉싸름하', 'VA'), ('ㄴ', 'ETM'), ('맛과', 'NNG'), ('달달하', 'VA'), ('ㄴ', 'ETM'), ('꿀맛', 'NNG'), ('그리고', 'MAJ'), ('새', 'VV'), ('콤', 'NNG'), ('달', 'VV'), ('콤', 'NNG'), ('하', 'XSA'), ('ㄴ', 'ETM'), ('블루베리', 'NNG'), ('맛', 'NNG'), ('달달하', 'VA'), ('ㄴ', 'ETM'), ('복숭아', 'NNG'), ('맛', 'NNG'), ('향긋하', 'VA'), ('ㄴ', 'ETM'), ('쑥향', 'NNG'), ('까지', 'JX'), ('여러', 'MMN'), ('가지', 'NNB'), ('맛', 'NNG'), ('이', 'JKS'), ('다', 'MAG'), ('맛있', 'VA'), ('고', 'EC'), ('일반', 'NNG'), ('꿀', 'NNG'), ('스틱', 'NNG'), ('보다', 'JKB'), ('먹', 'VV'), ('기', 'ETN'), ('가', 'JKS'), ('좋', 'VA'), ('네', 'EF'), ('요', 'JX'), ('아주', 'MAG'), ('맛있', 'VA'), ('습니다', 'EF'), ('당', 'NNG'), ('떨어지', 'VV'), ('ㄹ', 'ETM'), ('때', 'NNG'), ('건강하', 'VA'), ('게', 'EC'), ('한', 'MMN'), ('포', 'NNG'), ('씩', 'XSN'), ('먹', 'VV'), ('기', 'ETN'), ('딱', 'MAG'), ('이', 'VCP'), ('ㅂ니다', 'EF'), ('보', 'VV'), ('ㄴ', 'ETM'), ('리뷰', 'NNG'), ('는', 'JX'), ('제품', 'NNG'), ('을', 'JKO'), ('제공', 'NNG'), ('받', 'VV'), ('고', 'EC'), ('솔직하', 'VA'), ('게', 'EC'), ('작성하', 'VV'), ('ㄴ', 'ETM'), ('리뷰', 'NNG'), ('이', 'VCP'), ('ㅂ니다', 'EF')]","['처음', '홍삼', '꿀', '스틱', '줄', '요즘', '꿀스틱', '당', '초콜렛', '사탕', '몸', '꿀', '당분', '요즘', '스틱', '꿀', '건강', '홍삼', '꿀', '스틱', '햄프씨드', '굼뱅이', '몸', '도움', '꿀', '목', '홍삼', '맛과', '꿀맛', '콤', '콤', '블루베리', '맛', '복숭아', '맛', '쑥향', '가지', '맛', '일반', '꿀', '스틱', '당', '리뷰', '제품', '제공', '리뷰']",긍정,0.9953497648239136
55182,55182,55182,1062,굼FLEX 햄프씨드 먹은 굼벵이가 들어간 단백질 홍삼 스틱벌꿀 4종 꿀선물 굼플렉스 7g [원산지:국산(충청남도 예산군)],"4,000",5.0,ggga******,5.0,22.09.28.,"굼FLEX (7g x 1포): 블루베리 _ 1개
",유통기한아주 넉넉해요포장꼼꼼해요편리편리해요,"이렇게 편리한 스틱꿀이 정말 가성비 짱인 제품이에요~!! 저도 먹고 주위에도 몇개 나눠주니 맛도 좋다고 하고, 차나 다른 음식에 휘뚜루마뚜루 그냥 다 넣어먹어도 손색이 없어요~!!! 그리고 휴대성도 좋고, 안뜯기면 이로 뜯어야 하는데 이 제품 이지컷은 느낌도 좋네요~!!! 게다가 네가지맛이라서 골라먹는 재미까지 있어버리니.. 이거 저도 먹고 신랑도 먹고, 부모님, 시부모님, 우리아가도 조금만 크면 먹여야겠어요~!!
주변에 선물로 주기도 넘넘 좋은 제품이네요^^",이렇게 편리한 스틱꿀이 정말 가성비 짱인 제품이에요 저도 먹고 주위에도 몇개 나눠주니 맛도 좋다고 하고 차나 다른 음식에 휘뚜루마뚜루 그냥 다 넣어먹어도 손색이 없어요 그리고 휴대성도 좋고 안뜯기면 이로 뜯어야 하는데 이 제품 이지컷은 느낌도 좋네요 게다가 네가지맛이라서 골라먹는 재미까지 있어버리니 이거 저도 먹고 신랑도 먹고 부모님 시부모님 우리아가도 조금만 크면 먹여야겠어요주변에 선물로 주기도 넘넘 좋은 제품이네요,"['스틱', '꿀', '가성비', '짱인', '제품', '저', '주위', '개', '맛', '차', '음식', '손색', '휴대', '이', '제품', '지컷', '느낌', '가지', '맛', '재미', '이거', '저', '신랑', '부모', '시부모', '우리', '아가', '조금', '주변', '선물', '넘넘', '제품']","[('이렇', 'VA'), ('게', 'EC'), ('편리하', 'VA'), ('ㄴ', 'ETM'), ('스틱', 'NNG'), ('꿀', 'NNG'), ('이', 'JKS'), ('정말', 'MAG'), ('가성비', 'NNG'), ('짱인', 'NNG'), ('제품', 'NNG'), ('이', 'VCP'), ('에요', 'EF'), ('저', 'NP'), ('도', 'JX'), ('먹', 'VV'), ('고', 'EC'), ('주위', 'NNG'), ('에', 'JKB'), ('도', 'JX'), ('몇', 'NR'), ('개', 'NNB'), ('나누', 'VV'), ('어', 'EC'), ('주', 'VX'), ('니', 'EC'), ('맛', 'NNG'), ('도', 'JX'), ('좋', 'VA'), ('다고', 'EC'), ('하', 'VV'), ('고', 'EC'), ('차', 'NNG'), ('나', 'JC'), ('다른', 'MMD'), ('음식', 'NNG'), ('에', 'JKB'), ('휘뚜루마뚜루', 'MAG'), ('그냥', 'MAG'), ('다', 'MAG'), ('넣', 'VV'), ('어', 'EC'), ('먹', 'VV'), ('어도', 'EC'), ('손색', 'NNG'), ('이', 'JKS'), ('없', 'VA'), ('어요', 'EF'), ('그리고', 'MAJ'), ('휴대', 'NNG'), ('성', 'XSN'), ('도', 'JX'), ('좋', 'VA'), ('고', 'EC'), ('안', 'MAG'), ('뜯기', 'VV'), ('면', 'EC'), ('이', 'NP'), ('로', 'JKB'), ('뜯', 'VV'), ('어야', 'EC'), ('하', 'VX'), ('는데', 'EC'), ('이', 'MMD'), ('제품', 'NNG'), ('이', 'MMD'), ('지컷', 'NNG'), ('은', 'JX'), ('느낌', 'NNG'), ('도', 'JX'), ('좋', 'VA'), ('네', 'EF'), ('요', 'JX'), ('게다가', 'MAG'), ('네', 'MMN'), ('가지', 'NNB'), ('맛', 'NNG'), ('이', 'VCP'), ('라서', 'EC'), ('고르', 'VV'), ('아', 'EC'), ('먹', 'VX'), ('는', 'ETM'), ('재미', 'NNG'), ('까지', 'JX'), ('있', 'VA'), ('어', 'EC'), ('버리', 'VX'), ('니', 'EC'), ('이거', 'NP'), ('저', 'NP'), ('도', 'JX'), ('먹', 'VV'), ('고', 'EC'), ('신랑', 'NNG'), ('도', 'JX'), ('먹', 'VV'), ('고', 'EC'), ('부모', 'NNG'), ('님', 'XSN'), ('시부모', 'NNG'), ('님', 'XSN'), ('우리', 'NP'), ('아가', 'NNG'), ('도', 'JX'), ('조금', 'NNG'), ('만', 'JX'), ('크', 'VA'), ('면', 'EC'), ('먹이', 'VV'), ('어야', 'EC'), ('하', 'VX'), ('겠', 'EP'), ('어요', 'EF'), ('주변', 'NNG'), ('에', 'JKB'), ('선물', 'NNG'), ('로', 'JKB'), ('주', 'VV'), ('기', 'ETN'), ('도', 'JX'), ('넘넘', 'NNG'), ('좋', 'VA'), ('은', 'ETM'), ('제품', 'NNG'), ('이', 'VCP'), ('네', 'EF'), ('요', 'JX')]","['스틱', '꿀', '가성비', '짱인', '제품', '주위', '개', '맛', '차', '음식', '손색', '휴대', '제품', '지컷', '느낌', '가지', '맛', '재미', '신랑', '부모', '시부모', '아가', '조금', '주변', '선물', '넘넘', '제품']",긍정,0.994882345199585
55183,55183,55183,1063,굼FLEX 햄프씨드 먹은 굼벵이가 들어간 단백질 홍삼 스틱벌꿀 4종 꿀선물 굼플렉스 7g [원산지:국산(충청남도 예산군)],"4,000",5.0,twin***********,5.0,22.10.19.,"굼FLEX (7g x 1포): 블루베리 _ 1개
",유통기한아주 넉넉해요포장꼼꼼해요편리편리해요,"달달한 맛이라 거부감 없이 먹을 수 있어서 좋아요!
간식 대용으로 좋을 것 같아 부모님 챙겨드렸는데 좋아하시네요~
영양분이 많아서 건강 간식으로 좋을 듯 해요 ^^",달달한 맛이라 거부감 없이 먹을 수 있어서 좋아요간식 대용으로 좋을 것 같아 부모님 챙겨드렸는데 좋아하시네요영양분이 많아서 건강 간식으로 좋을 듯 해요 ,"['맛', '거부감', '수', '간식', '대용', '것', '부모', '영양분', '건강', '간식', '듯']","[('달달하', 'VA'), ('ㄴ', 'ETM'), ('맛', 'NNG'), ('이', 'VCP'), ('라', 'EC'), ('거부감', 'NNG'), ('없이', 'MAG'), ('먹', 'VV'), ('을', 'ETM'), ('수', 'NNB'), ('있', 'VA'), ('어서', 'EC'), ('좋', 'VA'), ('아요', 'EF'), ('간식', 'NNG'), ('대용', 'NNG'), ('으로', 'JKB'), ('좋', 'VA'), ('을', 'ETM'), ('것', 'NNB'), ('같', 'VA'), ('아', 'EC'), ('부모', 'NNG'), ('님', 'XSN'), ('챙기', 'VV'), ('어', 'EC'), ('드리', 'VX'), ('었', 'EP'), ('는데', 'EC'), ('좋아하', 'VV'), ('시', 'EP'), ('네', 'EF'), ('요', 'JX'), ('영양분', 'NNG'), ('이', 'JKS'), ('많', 'VA'), ('아서', 'EC'), ('건강', 'NNG'), ('간식', 'NNG'), ('으로', 'JKB'), ('좋', 'VA'), ('을', 'ETM'), ('듯', 'NNB'), ('하', 'VV'), ('아요', 'EF')]","['맛', '거부감', '간식', '대용', '부모', '영양분', '건강', '간식', '듯']",긍정,0.9945151805877686
55184,55184,55184,1064,굼FLEX 햄프씨드 먹은 굼벵이가 들어간 단백질 홍삼 스틱벌꿀 4종 꿀선물 굼플렉스 7g [원산지:국산(충청남도 예산군)],"4,000",5.0,terr********,5.0,22.09.23.,"굼FLEX (7g x 1포): 오리지널 _ 1개
",유통기한아주 넉넉해요포장꼼꼼해요편리편리해요,"먹기 좋게 포장되어서 휴대도 간편한데다가 맛 또한 정말 맛있어요. 맛있게 건강을 챙길 수 있다니 이보다 좋은 건 없을 듯 합니다. 선물용으로도 그만이네요. 고맙습니다, 잘 챙겨 먹고 또 주문할게요~!",먹기 좋게 포장되어서 휴대도 간편한데다가 맛 또한 정말 맛있어요 맛있게 건강을 챙길 수 있다니 이보다 좋은 건 없을 듯 합니다 선물용으로도 그만이네요 고맙습니다 잘 챙겨 먹고 또 주문할게요,"['휴대', '데', '맛', '건강', '수', '이', '거', '듯', '선물']","[('먹', 'VV'), ('기', 'ETN'), ('좋', 'VA'), ('게', 'EC'), ('포장되', 'VV'), ('어서', 'EC'), ('휴대', 'NNG'), ('도', 'JX'), ('간편하', 'VA'), ('ㄴ', 'ETM'), ('데', 'NNB'), ('다가', 'JX'), ('맛', 'NNG'), ('또한', 'MAG'), ('정말', 'MAG'), ('맛있', 'VA'), ('어요', 'EF'), ('맛있', 'VA'), ('게', 'EC'), ('건강', 'NNG'), ('을', 'JKO'), ('챙기', 'VV'), ('ㄹ', 'ETM'), ('수', 'NNB'), ('있', 'VA'), ('다니', 'EC'), ('이', 'NP'), ('보다', 'JKB'), ('좋', 'VA'), ('은', 'ETM'), ('거', 'NNB'), ('ㄴ', 'JX'), ('없', 'VA'), ('을', 'ETM'), ('듯', 'NNB'), ('하', 'VV'), ('ㅂ니다', 'EF'), ('선물', 'NNG'), ('용', 'XSN'), ('으로', 'JKB'), ('도', 'JX'), ('그만', 'MAG'), ('이', 'VCP'), ('네', 'EF'), ('요', 'JX'), ('고맙', 'VA'), ('습니다', 'EF'), ('잘', 'MAG'), ('챙기', 'VV'), ('어', 'EC'), ('먹', 'VV'), ('고', 'EC'), ('또', 'MAG'), ('주문하', 'VV'), ('ㄹ게', 'EF'), ('요', 'JX')]","['휴대', '맛', '건강', '듯', '선물']",긍정,0.9942401647567749
55185,55185,55185,1065,굼FLEX 햄프씨드 먹은 굼벵이가 들어간 단백질 홍삼 스틱벌꿀 4종 꿀선물 굼플렉스 7g [원산지:국산(충청남도 예산군)],"4,000",5.0,cnrq******,5.0,22.09.26.,"굼FLEX (7g x 1포): 복숭아 _ 1개
",유통기한아주 넉넉해요포장꼼꼼해요편리편리해요,"따뜻한 물에 넣어 섞어주니 빠르게 잘 섞여서 바로 마시기도 좋았어요^^
바쁜 아침 출근길에 하나씩 쥐어주기도 좋네요ㅎ
향도 좋고 맛도 달콤해서 그냥 먹어도 맛나더라구요ㅎㅎ
배송도 그 다음날 바로 와서 좋았어요",따뜻한 물에 넣어 섞어주니 빠르게 잘 섞여서 바로 마시기도 좋았어요바쁜 아침 출근길에 하나씩 쥐어주기도 좋네요ㅎ향도 좋고 맛도 달콤해서 그냥 먹어도 맛나더라구요ㅎㅎ배송도 그 다음날 바로 와서 좋았어요,"['물', '아침', '출근길', 'ㅎ', '향', '맛', 'ㅎ', 'ㅎ', '배송', '다음날']","[('따뜻하', 'VA'), ('ㄴ', 'ETM'), ('물', 'NNG'), ('에', 'JKB'), ('넣', 'VV'), ('어', 'EC'), ('섞', 'VV'), ('어', 'EC'), ('주', 'VX'), ('니', 'EC'), ('빠르', 'VA'), ('게', 'EC'), ('잘', 'MAG'), ('섞이', 'VV'), ('어서', 'EC'), ('바로', 'MAG'), ('마시', 'VV'), ('기', 'ETN'), ('도', 'JX'), ('좋', 'VA'), ('았', 'EP'), ('어요', 'EF'), ('바쁘', 'VA'), ('ㄴ', 'ETM'), ('아침', 'NNG'), ('출근길', 'NNG'), ('에', 'JKB'), ('하나', 'NR'), ('씩', 'XSN'), ('쥐', 'VV'), ('어', 'EC'), ('주', 'VX'), ('기', 'ETN'), ('도', 'JX'), ('좋', 'VA'), ('네', 'EF'), ('요', 'JX'), ('ㅎ', 'NNG'), ('향', 'NNG'), ('도', 'JX'), ('좋', 'VA'), ('고', 'EC'), ('맛', 'NNG'), ('도', 'JX'), ('달콤하', 'VA'), ('아서', 'EC'), ('그냥', 'MAG'), ('먹', 'VV'), ('어도', 'EC'), ('맛나', 'VA'), ('더라구', 'EF'), ('요', 'JX'), ('ㅎ', 'NNG'), ('ㅎ', 'NNG'), ('배송', 'NNG'), ('도', 'JX'), ('그', 'MMD'), ('다음날', 'NNG'), ('바로', 'MAG'), ('오', 'VV'), ('아서', 'EC'), ('좋', 'VA'), ('았', 'EP'), ('어요', 'EF')]","['물', '아침', '출근길', '향', '맛', '배송', '다음날']",긍정,0.9951403141021729
55186,55186,55186,1066,굼FLEX 햄프씨드 먹은 굼벵이가 들어간 단백질 홍삼 스틱벌꿀 4종 꿀선물 굼플렉스 7g [원산지:국산(충청남도 예산군)],"4,000",5.0,thfr*****,5.0,22.09.24.,"굼FLEX (7g x 1포): 블루베리 _ 1개
",유통기한아주 넉넉해요포장꼼꼼해요편리편리해요,"꿀스틱이라 하나씩 먹기 너무 좋고, 차로 마시기도 에이드로 마시기도 요거트에 뿌려 먹기도 너무 좋아요!! 요즘 핫한 굼벵이 이렇게 먹으니 거부감도 없고 먹기 편해서 좋아요!!",꿀스틱이라 하나씩 먹기 너무 좋고 차로 마시기도 에이드로 마시기도 요거트에 뿌려 먹기도 너무 좋아요 요즘 핫한 굼벵이 이렇게 먹으니 거부감도 없고 먹기 편해서 좋아요,"['꿀스틱', '차', '에이드', '요거트', '요즘', '굼벵이', '거부감']","[('꿀스틱', 'NNG'), ('이', 'VCP'), ('라', 'EC'), ('하나', 'NR'), ('씩', 'XSN'), ('먹', 'VV'), ('기', 'ETN'), ('너무', 'MAG'), ('좋', 'VA'), ('고', 'EC'), ('차', 'NNG'), ('로', 'JKB'), ('마시', 'VV'), ('기', 'ETN'), ('도', 'JX'), ('에이드', 'NNG'), ('로', 'JKB'), ('마시', 'VV'), ('기', 'ETN'), ('도', 'JX'), ('요거트', 'NNG'), ('에', 'JKB'), ('뿌리', 'VV'), ('어', 'EC'), ('먹', 'VV'), ('기', 'ETN'), ('도', 'JX'), ('너무', 'MAG'), ('좋', 'VA'), ('아요', 'EF'), ('요즘', 'NNG'), ('핫하', 'VA'), ('ㄴ', 'ETM'), ('굼벵이', 'NNG'), ('이렇', 'VA'), ('게', 'EC'), ('먹', 'VV'), ('으니', 'EC'), ('거부감', 'NNG'), ('도', 'JX'), ('없', 'VA'), ('고', 'EC'), ('먹', 'VV'), ('기', 'ETN'), ('편하', 'VA'), ('아서', 'EC'), ('좋', 'VA'), ('아요', 'EF')]","['꿀스틱', '차', '에이드', '요거트', '요즘', '굼벵이', '거부감']",긍정,0.9945078492164612
55187,55187,55187,1067,굼FLEX 햄프씨드 먹은 굼벵이가 들어간 단백질 홍삼 스틱벌꿀 4종 꿀선물 굼플렉스 7g [원산지:국산(충청남도 예산군)],"4,000",5.0,xu****,5.0,22.09.26.,"굼FLEX (7g x 1포): 복숭아 _ 1개
",유통기한아주 넉넉해요포장꼼꼼해요편리편리해요,"예전에 굼벵이 환 먹어보고 좋아서
굼벵이 관련된거 좀 찾아보다가 알게되어 구매했어요!
와.. 근데 이거 생각보다 너무 맛있네요??ㅎ
패키지도 괜찮아서 선물하기에도 좋을듯해요!!ㅎㅎ",예전에 굼벵이 환 먹어보고 좋아서굼벵이 관련된거 좀 찾아보다가 알게되어 구매했어요와 근데 이거 생각보다 너무 맛있네요ㅎ패키지도 괜찮아서 선물하기에도 좋을듯해요ㅎㅎ,"['예전', '굼벵이', '환', '굼벵이', '거', '이거', '생각', 'ㅎ', '듯', 'ㅎ', 'ㅎ']","[('예전', 'NNG'), ('에', 'JKB'), ('굼벵이', 'NNG'), ('환', 'NNG'), ('먹', 'VV'), ('어', 'EC'), ('보', 'VX'), ('고', 'EC'), ('좋', 'VA'), ('아서', 'EC'), ('굼벵이', 'NNG'), ('관련되', 'VV'), ('ㄴ', 'ETM'), ('거', 'NNB'), ('좀', 'MAG'), ('찾아보', 'VV'), ('다가', 'EC'), ('알', 'VV'), ('게', 'EC'), ('되', 'VV'), ('어', 'EC'), ('구매하', 'VV'), ('았', 'EP'), ('어요', 'EF'), ('와', 'JC'), ('근데', 'MAJ'), ('이거', 'NP'), ('생각', 'NNG'), ('보다', 'JKB'), ('너무', 'MAG'), ('맛있', 'VA'), ('네', 'EF'), ('요', 'JX'), ('ㅎ', 'NNG'), ('패키', 'VV'), ('지', 'EC'), ('도', 'JX'), ('괜찮', 'VA'), ('아서', 'EC'), ('선물하', 'VV'), ('기', 'ETN'), ('에', 'JKB'), ('도', 'JX'), ('좋', 'VA'), ('을', 'ETM'), ('듯', 'NNB'), ('하', 'XSA'), ('아요', 'EF'), ('ㅎ', 'NNG'), ('ㅎ', 'NNG')]","['예전', '굼벵이', '환', '굼벵이', '생각', '듯']",긍정,0.9938606023788452
55188,55188,55188,1068,굼FLEX 햄프씨드 먹은 굼벵이가 들어간 단백질 홍삼 스틱벌꿀 4종 꿀선물 굼플렉스 7g [원산지:국산(충청남도 예산군)],"4,000",5.0,wnqk*****,5.0,22.09.25.,"굼FLEX (7g x 1포): 인진쑥 _ 1개
",유통기한아주 넉넉해요포장꼼꼼해요편리편리해요,"한포씩 챙겨먹기 좋은 영양제 찾고 있다가 지인추천으로 맛별로 먼저 구매해봤는데요

하나같이 다 맛도 좋고 거부감없이 잘 먹을 수 있더라구요! 맛별로 추가로 또 구매했어요ㅎㅎ

부모님도 드셔보신다고 해서 선물해요! 먹고 면역력 키워볼께요!",한포씩 챙겨먹기 좋은 영양제 찾고 있다가 지인추천으로 맛별로 먼저 구매해봤는데요하나같이 다 맛도 좋고 거부감없이 잘 먹을 수 있더라구요 맛별로 추가로 또 구매했어요ㅎㅎ부모님도 드셔보신다고 해서 선물해요 먹고 면역력 키워볼께요,"['포', '영양제', '지인', '추천', '맛', '맛', '거부감', '수', '맛', '추가', 'ㅎ', 'ㅎ', '부모', '면역력']","[('한', 'MMN'), ('포', 'NNG'), ('씩', 'XSN'), ('챙기', 'VV'), ('어', 'EC'), ('먹', 'VV'), ('기', 'ETN'), ('좋', 'VA'), ('은', 'ETM'), ('영양제', 'NNG'), ('찾', 'VV'), ('고', 'EC'), ('있', 'VX'), ('다가', 'EC'), ('지인', 'NNG'), ('추천', 'NNG'), ('으로', 'JKB'), ('맛', 'NNG'), ('별', 'XSN'), ('로', 'JKB'), ('먼저', 'MAG'), ('구매하', 'VV'), ('아', 'EC'), ('보', 'VX'), ('았', 'EP'), ('는데', 'EC'), ('요', 'JX'), ('하나같이', 'MAG'), ('다', 'MAG'), ('맛', 'NNG'), ('도', 'JX'), ('좋', 'VA'), ('고', 'EC'), ('거부감', 'NNG'), ('없이', 'MAG'), ('잘', 'MAG'), ('먹', 'VV'), ('을', 'ETM'), ('수', 'NNB'), ('있', 'VA'), ('더라구', 'EF'), ('요', 'JX'), ('맛', 'NNG'), ('별', 'XSN'), ('로', 'JKB'), ('추가', 'NNG'), ('로', 'JKB'), ('또', 'MAG'), ('구매하', 'VV'), ('았', 'EP'), ('어요', 'EF'), ('ㅎ', 'NNG'), ('ㅎ', 'NNG'), ('부모', 'NNG'), ('님', 'XSN'), ('도', 'JX'), ('들', 'VV'), ('시', 'EP'), ('어', 'EC'), ('보', 'VX'), ('시', 'EP'), ('ㄴ다고', 'EC'), ('하', 'VV'), ('아서', 'EC'), ('선물하', 'VV'), ('아요', 'EF'), ('먹', 'VV'), ('고', 'EC'), ('면역력', 'NNG'), ('키우', 'VV'), ('어', 'EC'), ('보', 'VX'), ('ㄹ께', 'EF'), ('요', 'JX')]","['영양제', '지인', '추천', '맛', '맛', '거부감', '맛', '추가', '부모', '면역력']",긍정,0.9953961968421936
55189,55189,55189,1069,굼FLEX 햄프씨드 먹은 굼벵이가 들어간 단백질 홍삼 스틱벌꿀 4종 꿀선물 굼플렉스 7g [원산지:국산(충청남도 예산군)],"4,000",5.0,sonl*******,5.0,22.09.24.,"굼FLEX (7g x 1포): 오리지널 _ 1개
",유통기한아주 넉넉해요포장꼼꼼해요편리편리해요,"한포씩 챙겨먹기 간편하고 좋아요
건강식품 챙거먹는건 엄청 번거로워하는 남편도 요 굼플렉스는 참 잘챙겨먹네요.
추워진 날씨에 면역력 키워서 독감예방까지 노려봅니다. 맛있게 면역력 키우기 좋아요 :)",한포씩 챙겨먹기 간편하고 좋아요건강식품 챙거먹는건 엄청 번거로워하는 남편도 요 굼플렉스는 참 잘챙겨먹네요추워진 날씨에 면역력 키워서 독감예방까지 노려봅니다 맛있게 면역력 키우기 좋아요 ,"['포', '건강식품', '챙', '거', '남편', '굼플렉스', '날씨', '면역력', '독감', '예방', '면역력']","[('한', 'MMN'), ('포', 'NNG'), ('씩', 'XSN'), ('챙기', 'VV'), ('어', 'EC'), ('먹', 'VV'), ('기', 'ETN'), ('간편하', 'VA'), ('고', 'EC'), ('좋', 'VA'), ('아요', 'EF'), ('건강식품', 'NNG'), ('챙', 'NNG'), ('거', 'EC'), ('먹', 'VV'), ('는', 'ETM'), ('거', 'NNB'), ('ㄴ', 'JX'), ('엄청', 'MAG'), ('번거롭', 'VA'), ('어', 'EC'), ('하', 'VX'), ('는', 'ETM'), ('남편', 'NNG'), ('도', 'JX'), ('요', 'MMD'), ('굼플렉스', 'NNG'), ('는', 'JX'), ('참', 'MAG'), ('잘', 'MAG'), ('챙기', 'VV'), ('어', 'EC'), ('먹', 'VX'), ('네', 'EF'), ('요', 'JX'), ('추워지', 'VV'), ('ㄴ', 'ETM'), ('날씨', 'NNG'), ('에', 'JKB'), ('면역력', 'NNG'), ('키우', 'VV'), ('어서', 'EC'), ('독감', 'NNG'), ('예방', 'NNG'), ('까지', 'JX'), ('노려보', 'VV'), ('ㅂ니다', 'EF'), ('맛있', 'VA'), ('게', 'EC'), ('면역력', 'NNG'), ('키우', 'VV'), ('기', 'ETN'), ('좋', 'VA'), ('아요', 'EF')]","['건강식품', '챙', '남편', '굼플렉스', '날씨', '면역력', '독감', '예방', '면역력']",긍정,0.9925150275230408
55190,55190,55190,1070,굼FLEX 햄프씨드 먹은 굼벵이가 들어간 단백질 홍삼 스틱벌꿀 4종 꿀선물 굼플렉스 7g [원산지:국산(충청남도 예산군)],"4,000",5.0,eina***,5.0,22.09.16.,"굼FLEX (7g x 1포): 블루베리 _ 1개
",유통기한꽤 남았어요포장적당해요편리그냥그래요,너무맛있고 차한잔마시기 너무좋은 제품이에요 다양한 맛들을 먹어보니 너무 맛있어요 몸에도좋고 맛있는것을먹으니 기분좋은맛입니다,너무맛있고 차한잔마시기 너무좋은 제품이에요 다양한 맛들을 먹어보니 너무 맛있어요 몸에도좋고 맛있는것을먹으니 기분좋은맛입니다,"['차', '한자', '제품', '맛', '몸', '것', '기분', '맛']","[('너무', 'MAG'), ('맛있', 'VA'), ('고', 'EC'), ('차', 'NNG'), ('한자', 'NNG'), ('ㄴ', 'JX'), ('마시', 'VV'), ('기', 'ETN'), ('너무', 'MAG'), ('좋', 'VA'), ('은', 'ETM'), ('제품', 'NNG'), ('이', 'VCP'), ('에요', 'EF'), ('다양하', 'VA'), ('ㄴ', 'ETM'), ('맛', 'NNG'), ('들', 'XSN'), ('을', 'JKO'), ('먹', 'VV'), ('어', 'EC'), ('보', 'VX'), ('니', 'EC'), ('너무', 'MAG'), ('맛있', 'VA'), ('어요', 'EF'), ('몸', 'NNG'), ('에', 'JKB'), ('도', 'JX'), ('좋', 'VA'), ('고', 'EC'), ('맛있', 'VA'), ('는', 'ETM'), ('것', 'NNB'), ('을', 'JKO'), ('먹', 'VV'), ('으니', 'EC'), ('기분', 'NNG'), ('좋', 'VA'), ('은', 'ETM'), ('맛', 'NNG'), ('이', 'VCP'), ('ㅂ니다', 'EF')]","['차', '한자', '제품', '맛', '몸', '기분', '맛']",긍정,0.9938269257545471
55191,55191,55191,1071,굼FLEX 햄프씨드 먹은 굼벵이가 들어간 단백질 홍삼 스틱벌꿀 4종 꿀선물 굼플렉스 7g [원산지:국산(충청남도 예산군)],"4,000",5.0,jina***,5.0,22.08.03.,"굼FLEX (7g x 1포): 인진쑥 _ 1개
",유통기한아주 넉넉해요포장꼼꼼해요편리편리해요,"굼벵이에 꿀에 인진쑥까지 !
저처럼 가루나 환 못드겠다 하시는분들이 드시면 너무 좋을것 같아요
.가루는 ㅠㅠ 환은 먹고 나서 트름하면ㅜㅜ
요건 그런게 없네요.
깜빡 잊고 못먹고 나가면 가방에 하나 쏙 넣어 다니기도 편하고. 달다 싶은신분도 있겠지만 꿀 한스푼씩 드시는거 생각하면 맛있게 달달한 앗이에요
저는 여기서 저희 댕댕이들 펫 햄프오일도 급여중이에요. 무지개 다리 건넌 아이때는 직구로 구해서 먹였는데 이젠 여기서 주문하니 좋네요.
번창하세요",굼벵이에 꿀에 인진쑥까지 저처럼 가루나 환 못드겠다 하시는분들이 드시면 너무 좋을것 같아요가루는 ㅠㅠ 환은 먹고 나서 트름하면ㅜㅜ요건 그런게 없네요깜빡 잊고 못먹고 나가면 가방에 하나 쏙 넣어 다니기도 편하고 달다 싶은신분도 있겠지만 꿀 한스푼씩 드시는거 생각하면 맛있게 달달한 앗이에요저는 여기서 저희 댕댕이들 펫 햄프오일도 급여중이에요 무지개 다리 건넌 아이때는 직구로 구해서 먹였는데 이젠 여기서 주문하니 좋네요번창하세요,"['굼벵이', '꿀', '인진쑥', '저', '가루', '환', '분', '것', '가루', 'ㅠ', 'ㅠ', '환', '트름', 'ㅜ', 'ㅜ', '요건', '거', '가방', '신분', '꿀', '스푼', '거', '저', '여기', '저희', '댕댕이', '펫', '햄프오일', '급여', '중', '무지개', '다리', '아이', '때', '직구', '이제', '여기']","[('굼벵이', 'NNG'), ('에', 'JKB'), ('꿀', 'NNG'), ('에', 'JKB'), ('인진쑥', 'NNG'), ('까지', 'JX'), ('저', 'NP'), ('처럼', 'JKB'), ('가루', 'NNG'), ('나', 'JC'), ('환', 'NNG'), ('못', 'MAG'), ('들', 'VV'), ('겠', 'EP'), ('다', 'EF'), ('하', 'VV'), ('시', 'EP'), ('는', 'ETM'), ('분', 'NNB'), ('들', 'XSN'), ('이', 'JKS'), ('들', 'VV'), ('시', 'EP'), ('면', 'EC'), ('너무', 'MAG'), ('좋', 'VA'), ('을', 'ETM'), ('것', 'NNB'), ('같', 'VA'), ('아요', 'EF'), ('가루', 'NNG'), ('는', 'JX'), ('ㅠ', 'NNG'), ('ㅠ', 'NNG'), ('환', 'NNG'), ('은', 'JX'), ('먹', 'VV'), ('고', 'EC'), ('나', 'VX'), ('아서', 'EC'), ('트름', 'NNG'), ('하', 'XSV'), ('면', 'EC'), ('ㅜ', 'NNG'), ('ㅜ', 'NNG'), ('요건', 'NNG'), ('그런', 'MMD'), ('거', 'NNB'), ('이', 'JKS'), ('없', 'VA'), ('네', 'EF'), ('요', 'JX'), ('깜빡', 'MAG'), ('잊', 'VV'), ('고', 'EC'), ('못', 'MAG'), ('먹', 'VV'), ('고', 'EC'), ('나가', 'VV'), ('면', 'EC'), ('가방', 'NNG'), ('에', 'JKB'), ('하나', 'NR'), ('쏙', 'MAG'), ('넣', 'VV'), ('어', 'EC'), ('다니', 'VV'), ('기', 'ETN'), ('도', 'JX'), ('편하', 'VA'), ('고', 'EC'), ('달', 'VV'), ('다', 'EF'), ('싶', 'VX'), ('은', 'ETM'), ('신분', 'NNG'), ('도', 'JX'), ('있', 'VA'), ('겠', 'EP'), ('지만', 'EC'), ('꿀', 'NNG'), ('한', 'MMN'), ('스푼', 'NNG'), ('씩', 'XSN'), ('들', 'VV'), ('시', 'EP'), ('는', 'ETM'), ('거', 'NNB'), ('생각하', 'VV'), ('면', 'EC'), ('맛있', 'VA'), ('게', 'EC'), ('달달하', 'VA'), ('ㄴ', 'ETM'), ('앗이', 'VA'), ('에요', 'EF'), ('저', 'NP'), ('는', 'JX'), ('여기', 'NP'), ('서', 'JKB'), ('저희', 'NP'), ('댕댕이', 'NNG'), ('들', 'XSN'), ('펫', 'NNG'), ('햄프오일', 'NNG'), ('도', 'JX'), ('급여', 'NNG'), ('중', 'NNB'), ('이', 'VCP'), ('에요', 'EF'), ('무지개', 'NNG'), ('다리', 'NNG'), ('건너', 'VV'), ('ㄴ', 'ETM'), ('아이', 'NNG'), ('때', 'NNG'), ('는', 'JX'), ('직구', 'NNG'), ('로', 'JKB'), ('구하', 'VV'), ('아서', 'EC'), ('먹이', 'VV'), ('었', 'EP'), ('는데', 'EC'), ('이제', 'NNG'), ('ㄴ', 'JX'), ('여기', 'NP'), ('서', 'JKB'), ('주문하', 'VV'), ('니', 'EC'), ('좋', 'VA'), ('네', 'EF'), ('요', 'JX'), ('번창하', 'VV'), ('시', 'EP'), ('어요', 'EF')]","['굼벵이', '꿀', '인진쑥', '가루', '환', '가루', '환', '트름', '요건', '가방', '신분', '꿀', '스푼', '여기', '댕댕이', '펫', '햄프오일', '급여', '중', '무지개', '다리', '아이', '직구', '이제', '여기']",긍정,0.994446873664856
55192,55192,55192,1072,굼FLEX 햄프씨드 먹은 굼벵이가 들어간 단백질 홍삼 스틱벌꿀 4종 꿀선물 굼플렉스 7g [원산지:국산(충청남도 예산군)],"4,000",5.0,hshe****,5.0,22.09.26.,"굼FLEX (7g x 1포): 오리지널 _ 1개
",유통기한아주 넉넉해요포장꼼꼼해요편리편리해요,쓰거나 맛이 쎄지 않을까 걱정했는데 달콤하고 맛있어요,쓰거나 맛이 쎄지 않을까 걱정했는데 달콤하고 맛있어요,['맛'],"[('쓰', 'VV'), ('거나', 'EC'), ('맛', 'NNG'), ('이', 'JKS'), ('쎄', 'VA'), ('지', 'EC'), ('않', 'VX'), ('을까', 'EF'), ('걱정하', 'VV'), ('았', 'EP'), ('는데', 'EC'), ('달콤하', 'VA'), ('고', 'EC'), ('맛있', 'VA'), ('어요', 'EF')]",['맛'],긍정,0.967531681060791
55193,55193,55193,1073,굼FLEX 햄프씨드 먹은 굼벵이가 들어간 단백질 홍삼 스틱벌꿀 4종 꿀선물 굼플렉스 7g [원산지:국산(충청남도 예산군)],"4,000",5.0,jina***,5.0,22.08.03.,"굼FLEX (7g x 1포): 복숭아 _ 1개
",유통기한아주 넉넉해요포장꼼꼼해요편리편리해요,"돌아다니는 병동. 종이인형 이라 할정도로 
잔병치레를 엄청 하고 자체적으로 면역력이 약해서 건강식품이나 약에 관심 많은 1인인데 ㅋㅋ
첨에 여기 제품 나왔을때 오리지널 한박스를 사서 먹었었는데요.굼뱅이라 하면 저처럼 비위 약한 사람들은 쫌 거부감이 들기 마련인데 그런 생각이 하나도 안드는 맛이에요.간편하고 건강도 챙기고.단백질과 꿀 굼벵이 조합 훌륭 합니다 일단 가루 아닌거에  감사 😊",돌아다니는 병동 종이인형 이라 할정도로 잔병치레를 엄청 하고 자체적으로 면역력이 약해서 건강식품이나 약에 관심 많은 인인데 ㅋㅋ첨에 여기 제품 나왔을때 오리지널 한박스를 사서 먹었었는데요굼뱅이라 하면 저처럼 비위 약한 사람들은 쫌 거부감이 들기 마련인데 그런 생각이 하나도 안드는 맛이에요간편하고 건강도 챙기고단백질과 꿀 굼벵이 조합 훌륭 합니다 일단 가루 아닌거에  감사 ,"['병동', '종이', '인형', '정도', '잔병', '자체', '면역력', '건강식품', '약', '관심', '인', 'ㅋㅋ', '첨', '여기', '제품', '때', '오리지널', '박스', '요굼뱅이', '저', '비위', '사람', '거부감', '마련', '생각', '맛', '건강', '단백질', '꿀', '굼벵이', '조합', '훌륭', '가루', '거', '감사']","[('돌아다니', 'VV'), ('는', 'ETM'), ('병동', 'NNG'), ('종이', 'NNG'), ('인형', 'NNG'), ('이', 'VCP'), ('라', 'EC'), ('하', 'VV'), ('ㄹ', 'ETM'), ('정도', 'NNG'), ('로', 'JKB'), ('잔병', 'NNG'), ('치레', 'XSN'), ('를', 'JKO'), ('엄청', 'MAG'), ('하', 'VV'), ('고', 'EC'), ('자체', 'NNG'), ('적', 'XSN'), ('으로', 'JKB'), ('면역력', 'NNG'), ('이', 'JKS'), ('약하', 'VA'), ('아서', 'EC'), ('건강식품', 'NNG'), ('이나', 'JC'), ('약', 'NNG'), ('에', 'JKB'), ('관심', 'NNG'), ('많', 'VA'), ('은', 'ETM'), ('인', 'NNG'), ('이', 'VCP'), ('ㄴ데', 'EC'), ('ㅋㅋ', 'NNG'), ('첨', 'NNG'), ('에', 'JKB'), ('여기', 'NP'), ('제품', 'NNG'), ('나오', 'VV'), ('았', 'EP'), ('을', 'ETM'), ('때', 'NNG'), ('오리지널', 'NNG'), ('한', 'MMN'), ('박스', 'NNG'), ('를', 'JKO'), ('사', 'VV'), ('아서', 'EC'), ('먹', 'VV'), ('었었', 'EP'), ('는데', 'EC'), ('요굼뱅이', 'NNG'), ('이', 'VCP'), ('라', 'EC'), ('하', 'VV'), ('면', 'EC'), ('저', 'NP'), ('처럼', 'JKB'), ('비위', 'NNG'), ('약하', 'VA'), ('ㄴ', 'ETM'), ('사람', 'NNG'), ('들', 'XSN'), ('은', 'JX'), ('쫌', 'MAG'), ('거부감', 'NNG'), ('이', 'JKS'), ('들', 'VV'), ('기', 'ETN'), ('마련', 'NNB'), ('이', 'VCP'), ('ㄴ데', 'EC'), ('그런', 'MMD'), ('생각', 'NNG'), ('이', 'JKS'), ('하나', 'NR'), ('도', 'JX'), ('안', 'MAG'), ('들', 'VV'), ('는', 'ETM'), ('맛', 'NNG'), ('이', 'VCP'), ('에요', 'EF'), ('간편하', 'VA'), ('고', 'EC'), ('건강', 'NNG'), ('도', 'JX'), ('챙기', 'VV'), ('고', 'EC'), ('단백질', 'NNG'), ('과', 'JC'), ('꿀', 'NNG'), ('굼벵이', 'NNG'), ('조합', 'NNG'), ('훌륭', 'NNG'), ('하', 'VV'), ('ㅂ니다', 'EF'), ('일단', 'MAG'), ('가루', 'NNG'), ('아니', 'VCN'), ('ㄴ', 'ETM'), ('거', 'NNB'), ('에', 'JKB'), ('감사', 'NNG')]","['병동', '종이', '인형', '정도', '잔병', '자체', '면역력', '건강식품', '약', '관심', '인', '첨', '여기', '제품', '오리지널', '박스', '요굼뱅이', '비위', '거부감', '마련', '생각', '맛', '건강', '단백질', '꿀', '굼벵이', '조합', '훌륭', '가루', '감사']",긍정,0.9954181909561157
55194,55194,55194,1074,굼FLEX 햄프씨드 먹은 굼벵이가 들어간 단백질 홍삼 스틱벌꿀 4종 꿀선물 굼플렉스 7g [원산지:국산(충청남도 예산군)],"4,000",5.0,lees*****,5.0,22.07.17.,"굼FLEX (7g x 1포): 오리지널 _ 1개
",유통기한아주 넉넉해요포장꼼꼼해요편리편리해요,"굼벵이 오리지널이라 약간 걱정했는데 홍삼향이 날듯~전혀 거부감이 없네요~진짜 굼벵이가 있기는 한건지ㅎㅎ진짜 홍삼먹은 찐한 꿀같이 느껴져요~
배송도 진짜 빠르고, 1포 1포마다 포장이 되어있어 정성이 느껴졌습니다.^^ 고급스런 포장으로 주변에 선물하기에 좋을꺼 같아요~
그냥 먹어도 좋고 여름엔 시원한 물에~겨울엔 따뜻한 물에 차같이 먹음 딱이겠어요~",굼벵이 오리지널이라 약간 걱정했는데 홍삼향이 날듯전혀 거부감이 없네요진짜 굼벵이가 있기는 한건지ㅎㅎ진짜 홍삼먹은 찐한 꿀같이 느껴져요배송도 진짜 빠르고 포 포마다 포장이 되어있어 정성이 느껴졌습니다 고급스런 포장으로 주변에 선물하기에 좋을꺼 같아요그냥 먹어도 좋고 여름엔 시원한 물에겨울엔 따뜻한 물에 차같이 먹음 딱이겠어요,"['굼벵이', '오리지널', '홍삼향', '거부감', '진짜', '굼벵이', 'ㄴ거', '진짜', '홍삼', '꿀', '배송', '포', '포', '포장', '정성', '포장', '주변', '꺼', '여름', '물', '겨울', '물', '차']","[('굼벵이', 'NNG'), ('오리지널', 'NNG'), ('이', 'VCP'), ('라', 'EC'), ('약간', 'MAG'), ('걱정하', 'VV'), ('았', 'EP'), ('는데', 'EC'), ('홍삼향', 'NNG'), ('이', 'JKS'), ('날', 'VV'), ('듯', 'EC'), ('전혀', 'MAG'), ('거부감', 'NNG'), ('이', 'JKS'), ('없', 'VA'), ('네', 'EF'), ('요', 'JX'), ('진짜', 'NNG'), ('굼벵이', 'NNG'), ('가', 'JKS'), ('있', 'VA'), ('기', 'ETN'), ('는', 'JX'), ('하', 'VV'), ('ㄴ거', 'NNG'), ('이', 'VCP'), ('ㄴ지', 'EF'), ('ㅎㅎ', 'EC'), ('진짜', 'NNG'), ('홍삼', 'NNG'), ('먹', 'VV'), ('은', 'ETM'), ('찐하', 'VA'), ('ㄴ', 'ETM'), ('꿀', 'NNG'), ('같이', 'JKB'), ('느끼', 'VV'), ('어', 'EC'), ('지', 'VX'), ('어요', 'EF'), ('배송', 'NNG'), ('도', 'JX'), ('진짜', 'MAG'), ('빠르', 'VA'), ('고', 'EC'), ('포', 'NNG'), ('포', 'NNG'), ('마다', 'JX'), ('포장', 'NNG'), ('이', 'JKS'), ('되', 'VV'), ('어', 'EC'), ('있', 'VX'), ('어', 'EC'), ('정성', 'NNG'), ('이', 'JKS'), ('느끼', 'VV'), ('어', 'EC'), ('지', 'VX'), ('었', 'EP'), ('습니다', 'EF'), ('고급스럽', 'VA'), ('ㄴ', 'ETM'), ('포장', 'NNG'), ('으로', 'JKB'), ('주변', 'NNG'), ('에', 'JKB'), ('선물하', 'VV'), ('기', 'ETN'), ('에', 'JKB'), ('좋', 'VA'), ('을', 'ETM'), ('꺼', 'NNB'), ('같', 'VA'), ('아요', 'EF'), ('그냥', 'MAG'), ('먹', 'VV'), ('어도', 'EC'), ('좋', 'VA'), ('고', 'EC'), ('여름', 'NNG'), ('에', 'JKB'), ('ㄴ', 'JX'), ('시원하', 'VA'), ('ㄴ', 'ETM'), ('물', 'NNG'), ('에', 'JKB'), ('겨울', 'NNG'), ('에', 'JKB'), ('ㄴ', 'JX'), ('따뜻하', 'VA'), ('ㄴ', 'ETM'), ('물', 'NNG'), ('에', 'JKB'), ('차', 'NNG'), ('같이', 'JKB'), ('먹', 'VV'), ('음', 'ETN'), ('딱', 'MAG'), ('이', 'VCP'), ('겠', 'EP'), ('어요', 'EF')]","['굼벵이', '오리지널', '홍삼향', '거부감', '진짜', '굼벵이', 'ㄴ거', '진짜', '홍삼', '꿀', '배송', '포장', '정성', '포장', '주변', '여름', '물', '겨울', '물', '차']",긍정,0.995050847530365
55195,55195,55195,1075,굼FLEX 햄프씨드 먹은 굼벵이가 들어간 단백질 홍삼 스틱벌꿀 4종 꿀선물 굼플렉스 7g [원산지:국산(충청남도 예산군)],"4,000",5.0,park***,5.0,22.07.26.,"굼FLEX (7g x 1포): 인진쑥 _ 1개
",유통기한아주 넉넉해요포장꼼꼼해요편리편리해요,"대박상품 발견 ㅎㅎ
피곤할때 종종 꿀을 먹는 1인
꿀검색 후 신통방통 상품을 찾았네요
햄프씨드 먹인 국산 식용굼벵이 조합
맛별로 구매했는데 저의 원픽은 인진쑥
바로 부모님꺼도 주문들어갑니다.
디자인도 이뿌고 개별포장에 손쉽게 절단 후 섭취까지 너무너무 좋아요 ❤️ 
홍삼맛도 나오면 좋겠어요
대용량 선물용도 ^^",대박상품 발견 ㅎㅎ피곤할때 종종 꿀을 먹는 인꿀검색 후 신통방통 상품을 찾았네요햄프씨드 먹인 국산 식용굼벵이 조합맛별로 구매했는데 저의 원픽은 인진쑥바로 부모님꺼도 주문들어갑니다디자인도 이뿌고 개별포장에 손쉽게 절단 후 섭취까지 너무너무 좋아요  홍삼맛도 나오면 좋겠어요대용량 선물용도 ,"['박', '상품', '발견', 'ㅎ', 'ㅎ', '피곤', '때', '꿀', '인꿀', '검색', '후', '신통방통', '상품', '국산', '식용', '굼벵이', '조합', '맛', '저', '원픽', '인진쑥바', '로', '부모', '꺼', '주문', '디자인', '이뿌고', '개별', '포장', '절단', '후', '섭취', '홍삼', '맛', '대', '용량', '선물']","[('대', 'XPN'), ('박', 'NNG'), ('상품', 'NNG'), ('발견', 'NNG'), ('ㅎ', 'NNG'), ('ㅎ', 'NNG'), ('피곤', 'NNG'), ('하', 'XSA'), ('ㄹ', 'ETM'), ('때', 'NNG'), ('종종', 'MAG'), ('꿀', 'NNG'), ('을', 'JKO'), ('먹', 'VV'), ('는', 'ETM'), ('인꿀', 'NNG'), ('검색', 'NNG'), ('후', 'NNG'), ('신통방통', 'NNG'), ('상품', 'NNG'), ('을', 'JKO'), ('찾', 'VV'), ('았', 'EP'), ('네', 'EF'), ('요햄프씨드', 'EC'), ('먹이', 'VV'), ('ㄴ', 'ETM'), ('국산', 'NNG'), ('식용', 'NNG'), ('굼벵이', 'NNG'), ('조합', 'NNG'), ('맛', 'NNG'), ('별', 'XSN'), ('로', 'JKB'), ('구매하', 'VV'), ('았', 'EP'), ('는데', 'EC'), ('저', 'NP'), ('의', 'JKG'), ('원픽', 'NNG'), ('은', 'JX'), ('인진쑥바', 'NNG'), ('로', 'NNG'), ('부모', 'NNG'), ('님', 'XSN'), ('꺼', 'NNB'), ('도', 'JX'), ('주문', 'NNG'), ('들', 'VV'), ('어', 'EC'), ('가', 'VX'), ('ㅂ니다', 'EF'), ('디자인', 'NNG'), ('도', 'JX'), ('이뿌고', 'NNG'), ('개별', 'NNG'), ('포장', 'NNG'), ('에', 'JKB'), ('손쉽', 'VA'), ('게', 'EC'), ('절단', 'NNG'), ('후', 'NNG'), ('섭취', 'NNG'), ('까지', 'JX'), ('너무너무', 'MAG'), ('좋', 'VA'), ('아요', 'EF'), ('홍삼', 'NNG'), ('맛', 'NNG'), ('도', 'JX'), ('나오', 'VV'), ('면', 'EC'), ('좋', 'VA'), ('겠', 'EP'), ('어요', 'EF'), ('대', 'NNG'), ('용량', 'NNG'), ('선물', 'NNG'), ('용', 'XSN'), ('도', 'JX')]","['박', '상품', '발견', '피곤', '꿀', '인꿀', '검색', '신통방통', '상품', '국산', '식용', '굼벵이', '조합', '맛', '원픽', '인진쑥바', '로', '부모', '주문', '디자인', '이뿌고', '개별', '포장', '절단', '섭취', '홍삼', '맛', '대', '용량', '선물']",긍정,0.9952078461647034
55196,55196,55196,1076,굼FLEX 햄프씨드 먹은 굼벵이가 들어간 단백질 홍삼 스틱벌꿀 4종 꿀선물 굼플렉스 7g [원산지:국산(충청남도 예산군)],"4,000",5.0,jina***,5.0,22.08.03.,"굼FLEX (7g x 1포): 오리지널 _ 1개
",유통기한아주 넉넉해요포장꼼꼼해요편리편리해요,"배송 너무 빠르고 좋아요!
맛마다 하나씩 시켰는데 많이 주신거 아닌가요ㅎ예전부터 굼뱅이가 좋다는것은 매개체로 접해서알고 있었고 주변에서 드시는 분을 아주 가끔보긴 했는데.. 가루나 환. ㅠㅠ 비위약한 저는 엄두도 못내고 있었는데 오~~신세계!! 간편하고 맛있게 먹고 건강까지 지킬수 있어서 좋아요~단골각 입니다!! 별100개 ㅎㅎ",배송 너무 빠르고 좋아요맛마다 하나씩 시켰는데 많이 주신거 아닌가요ㅎ예전부터 굼뱅이가 좋다는것은 매개체로 접해서알고 있었고 주변에서 드시는 분을 아주 가끔보긴 했는데 가루나 환 ㅠㅠ 비위약한 저는 엄두도 못내고 있었는데 오신세계 간편하고 맛있게 먹고 건강까지 지킬수 있어서 좋아요단골각 입니다 별개 ㅎㅎ,"['배송', '맛', '거', 'ㅎ', '예전', '굼뱅이', '것', '매개체', '주변', '분', '가루', '환', 'ㅠ', 'ㅠ', '위약', '저', '엄두', '오신세계', '건강', '수', '단골각', '별개', 'ㅎ', 'ㅎ']","[('배송', 'NNG'), ('너무', 'MAG'), ('빠르', 'VA'), ('고', 'EC'), ('좋', 'VA'), ('아요', 'EF'), ('맛', 'NNG'), ('마다', 'JX'), ('하나', 'NR'), ('씩', 'XSN'), ('시키', 'VV'), ('었', 'EP'), ('는데', 'EC'), ('많이', 'MAG'), ('주', 'VV'), ('시', 'EP'), ('ㄴ', 'ETM'), ('거', 'NNB'), ('아니', 'VCN'), ('ㄴ가', 'EF'), ('요', 'JX'), ('ㅎ', 'NNG'), ('예전', 'NNG'), ('부터', 'JX'), ('굼뱅이', 'NNG'), ('가', 'JKS'), ('좋', 'VA'), ('다는', 'ETM'), ('것', 'NNB'), ('은', 'JX'), ('매개체', 'NNG'), ('로', 'JKB'), ('접하', 'VV'), ('아서', 'EC'), ('알', 'VV'), ('고', 'EC'), ('있', 'VX'), ('었', 'EP'), ('고', 'EC'), ('주변', 'NNG'), ('에서', 'JKB'), ('들', 'VV'), ('시', 'EP'), ('는', 'ETM'), ('분', 'NNB'), ('을', 'JKO'), ('아주', 'MAG'), ('가끔', 'MAG'), ('보', 'VV'), ('기', 'ETN'), ('ㄴ', 'JX'), ('하', 'VX'), ('았', 'EP'), ('는데', 'EC'), ('가루', 'NNG'), ('나', 'JC'), ('환', 'NNG'), ('ㅠ', 'NNG'), ('ㅠ', 'NNG'), ('비', 'XPN'), ('위약', 'NNG'), ('하', 'XSV'), ('ㄴ', 'ETM'), ('저', 'NP'), ('는', 'JX'), ('엄두', 'NNG'), ('도', 'JX'), ('못', 'MAG'), ('내', 'VV'), ('고', 'EC'), ('있', 'VX'), ('었', 'EP'), ('는데', 'EC'), ('오신세계', 'NNG'), ('간편하', 'VA'), ('고', 'EC'), ('맛있', 'VA'), ('게', 'EC'), ('먹', 'VV'), ('고', 'EC'), ('건강', 'NNG'), ('까지', 'JX'), ('지키', 'VV'), ('ㄹ', 'ETM'), ('수', 'NNB'), ('있', 'VA'), ('어서', 'EC'), ('좋', 'VA'), ('아요', 'EF'), ('단골각', 'NNG'), ('이', 'VCP'), ('ㅂ니다', 'EF'), ('별개', 'NNG'), ('ㅎ', 'NNG'), ('ㅎ', 'NNG')]","['배송', '맛', '예전', '굼뱅이', '매개체', '주변', '가루', '환', '위약', '엄두', '오신세계', '건강', '단골각', '별개']",긍정,0.9943015575408936
55197,55197,55197,1077,굼FLEX 햄프씨드 먹은 굼벵이가 들어간 단백질 홍삼 스틱벌꿀 4종 꿀선물 굼플렉스 7g [원산지:국산(충청남도 예산군)],"4,000",5.0,lees*****,5.0,22.07.17.,"굼FLEX (7g x 1포): 복숭아 _ 1개
",유통기한아주 넉넉해요포장꼼꼼해요편리편리해요,굼벵이가 몸에 좋다고해서 찾다가 구매했는데 꿀과 함께 먹을수 있어 너무 좋네요~복숭아 맛이 나서 전혀 거부감이 없고 달달해서 아이들도 좋아할것 같아요~~달짝지근한 향이 미쳤어요~~그냥 먹어도 맛있고 더울땐 얼음물에 타먹음 달콤한 에이드가 될것같네요~~,굼벵이가 몸에 좋다고해서 찾다가 구매했는데 꿀과 함께 먹을수 있어 너무 좋네요복숭아 맛이 나서 전혀 거부감이 없고 달달해서 아이들도 좋아할것 같아요달짝지근한 향이 미쳤어요그냥 먹어도 맛있고 더울땐 얼음물에 타먹음 달콤한 에이드가 될것같네요,"['굼벵이', '몸', '꿀', '수', '복숭아', '맛', '거부감', '아이', '것', '향', '때', '얼음물', '에이드', '것']","[('굼벵이', 'NNG'), ('가', 'JKS'), ('몸', 'NNG'), ('에', 'JKB'), ('좋', 'VA'), ('다고', 'EC'), ('하', 'VV'), ('아서', 'EC'), ('찾', 'VV'), ('다가', 'EC'), ('구매하', 'VV'), ('았', 'EP'), ('는데', 'EC'), ('꿀', 'NNG'), ('과', 'JKB'), ('함께', 'MAG'), ('먹', 'VV'), ('을', 'ETM'), ('수', 'NNB'), ('있', 'VA'), ('어', 'EC'), ('너무', 'MAG'), ('좋', 'VA'), ('네', 'EF'), ('요', 'JX'), ('복숭아', 'NNG'), ('맛', 'NNG'), ('이', 'JKS'), ('나', 'VV'), ('아서', 'EC'), ('전혀', 'MAG'), ('거부감', 'NNG'), ('이', 'JKS'), ('없', 'VA'), ('고', 'EC'), ('달달하', 'VV'), ('아서', 'EC'), ('아이', 'NNG'), ('들', 'XSN'), ('도', 'JX'), ('좋아하', 'VV'), ('ㄹ', 'ETM'), ('것', 'NNB'), ('같', 'VA'), ('아', 'EC'), ('요달짝지근하', 'VA'), ('ㄴ', 'ETM'), ('향', 'NNG'), ('이', 'JKS'), ('미치', 'VV'), ('었', 'EP'), ('어요', 'EF'), ('그냥', 'MAG'), ('먹', 'VV'), ('어도', 'EC'), ('맛있', 'VA'), ('고', 'EC'), ('덥', 'VA'), ('ㄹ', 'ETM'), ('때', 'NNG'), ('ㄴ', 'JX'), ('얼음물', 'NNG'), ('에', 'JKB'), ('타', 'VV'), ('아', 'EC'), ('먹', 'VV'), ('음', 'ETN'), ('달콤하', 'VA'), ('ㄴ', 'ETM'), ('에이드', 'NNG'), ('가', 'JKC'), ('되', 'VV'), ('ㄹ', 'ETM'), ('것', 'NNB'), ('같', 'VA'), ('네', 'EF'), ('요', 'JX')]","['굼벵이', '몸', '꿀', '복숭아', '맛', '거부감', '아이', '향', '얼음물', '에이드']",긍정,0.994907796382904
55198,55198,55198,1078,굼FLEX 햄프씨드 먹은 굼벵이가 들어간 단백질 홍삼 스틱벌꿀 4종 꿀선물 굼플렉스 7g [원산지:국산(충청남도 예산군)],"4,000",5.0,lees*****,5.0,22.07.17.,"굼FLEX (7g x 1포): 인진쑥 _ 1개
",유통기한아주 넉넉해요포장꼼꼼해요편리편리해요,굼벵이 조타고해서 구매했는데 생각보다 거부감이 전혀 없네요~~어느맛으로 먹을까 고민하다가 하나씩 다 사보았는데 쑥 맛은 어르신들이 좋아하실 맛인거 같아요~특히 개별포장도 고급스러워 어르신들께 선물하기 좋을것 같아요~꿀과 쑥도 같이 먹으니 몸이 건강해지는 기분?ㅎㅎ,굼벵이 조타고해서 구매했는데 생각보다 거부감이 전혀 없네요어느맛으로 먹을까 고민하다가 하나씩 다 사보았는데 쑥 맛은 어르신들이 좋아하실 맛인거 같아요특히 개별포장도 고급스러워 어르신들께 선물하기 좋을것 같아요꿀과 쑥도 같이 먹으니 몸이 건강해지는 기분ㅎㅎ,"['굼벵이', '조타', '생각', '거부감', '맛', '맛', '어르신', '맛', '거', '개별', '포장', '어르신', '것', '꿀', '쑥', '몸', '기분', 'ㅎㅎ']","[('굼벵이', 'NNG'), ('조타', 'NNG'), ('이', 'VCP'), ('고', 'EC'), ('하', 'VX'), ('아서', 'EC'), ('구매하', 'VV'), ('았', 'EP'), ('는데', 'EC'), ('생각', 'NNG'), ('보다', 'JKB'), ('거부감', 'NNG'), ('이', 'JKS'), ('전혀', 'MAG'), ('없', 'VA'), ('네', 'EF'), ('요', 'JX'), ('어느', 'MMD'), ('맛', 'NNG'), ('으로', 'JKB'), ('먹', 'VV'), ('을까', 'EF'), ('고민하', 'VV'), ('다가', 'EC'), ('하나', 'NR'), ('씩', 'XSN'), ('다', 'MAG'), ('사', 'VV'), ('아', 'EC'), ('보', 'VX'), ('았', 'EP'), ('는데', 'EC'), ('쑥', 'MAG'), ('맛', 'NNG'), ('은', 'JX'), ('어르신', 'NNG'), ('들', 'XSN'), ('이', 'JKS'), ('좋아하', 'VV'), ('시', 'EP'), ('ㄹ', 'ETM'), ('맛', 'NNG'), ('이', 'VCP'), ('ㄴ', 'ETM'), ('거', 'NNB'), ('같', 'VA'), ('아요', 'EF'), ('특히', 'MAG'), ('개별', 'NNG'), ('포장', 'NNG'), ('도', 'JX'), ('고급스럽', 'VA'), ('어', 'EC'), ('어르신', 'NNG'), ('들', 'XSN'), ('께', 'JKB'), ('선물하', 'VV'), ('기', 'ETN'), ('좋', 'VA'), ('을', 'ETM'), ('것', 'NNB'), ('같', 'VA'), ('아요', 'EF'), ('꿀', 'NNG'), ('과', 'JC'), ('쑥', 'NNG'), ('도', 'JX'), ('같이', 'MAG'), ('먹', 'VV'), ('으니', 'EC'), ('몸', 'NNG'), ('이', 'JKS'), ('건강하', 'VA'), ('아', 'EC'), ('지', 'VX'), ('는', 'ETM'), ('기분', 'NNG'), ('ㅎㅎ', 'NNG')]","['굼벵이', '조타', '생각', '거부감', '맛', '맛', '어르신', '맛', '개별', '포장', '어르신', '꿀', '쑥', '몸', '기분']",긍정,0.9947417974472046
55199,55199,55199,1079,굼FLEX 햄프씨드 먹은 굼벵이가 들어간 단백질 홍삼 스틱벌꿀 4종 꿀선물 굼플렉스 7g [원산지:국산(충청남도 예산군)],"4,000",5.0,lees*****,5.0,22.07.17.,"굼FLEX (7g x 1포): 블루베리 _ 1개
",유통기한아주 넉넉해요포장꼼꼼해요편리편리해요,"굼벵이가 들어있는지 전혀 상상이 안되네요~
꿀에 달콤함과 블루베리의 향들만이 아주 찐하게 느껴져요~~~
피로할때마다 꿀을 찾았는데 몸에 좋은 굼벵이까지 같이 먹으니 1석2조네요ㅎㅎ
간편하게 들고 다닐수있고 특히 먹기 진짜 편해요~
제 픽은 블루베리라서 더 구매하러 갑니다~~^^",굼벵이가 들어있는지 전혀 상상이 안되네요꿀에 달콤함과 블루베리의 향들만이 아주 찐하게 느껴져요피로할때마다 꿀을 찾았는데 몸에 좋은 굼벵이까지 같이 먹으니 석조네요ㅎㅎ간편하게 들고 다닐수있고 특히 먹기 진짜 편해요제 픽은 블루베리라서 더 구매하러 갑니다,"['굼벵이', '상상', '꿀', '블루베리', '향', '피로', '때', '꿀', '몸', '굼벵이', '석조', '수', '요제', '픽', '블루베리']","[('굼벵이', 'NNG'), ('가', 'JKS'), ('들', 'VV'), ('어', 'EC'), ('있', 'VX'), ('는지', 'EF'), ('전혀', 'MAG'), ('상상', 'NNG'), ('이', 'JKS'), ('안', 'MAG'), ('되', 'VV'), ('네', 'EF'), ('요', 'JX'), ('꿀', 'NNG'), ('에', 'JKB'), ('달콤하', 'VA'), ('ㅁ', 'ETN'), ('과', 'JC'), ('블루베리', 'NNG'), ('의', 'JKG'), ('향', 'NNG'), ('들', 'XSN'), ('만', 'JX'), ('이', 'JKS'), ('아주', 'MAG'), ('찐하', 'VA'), ('게', 'EC'), ('느끼', 'VV'), ('어', 'EC'), ('지', 'VX'), ('어요', 'EF'), ('피로', 'NNG'), ('하', 'XSA'), ('ㄹ', 'ETM'), ('때', 'NNG'), ('마다', 'JX'), ('꿀', 'NNG'), ('을', 'JKO'), ('찾', 'VV'), ('았', 'EP'), ('는데', 'EC'), ('몸', 'NNG'), ('에', 'JKB'), ('좋', 'VA'), ('은', 'ETM'), ('굼벵이', 'NNG'), ('까지', 'JX'), ('같이', 'MAG'), ('먹', 'VV'), ('으니', 'EC'), ('석조', 'NNG'), ('이', 'VCP'), ('네', 'EF'), ('요', 'JX'), ('ㅎㅎ', 'VA'), ('간편하', 'VA'), ('게', 'EC'), ('들', 'VV'), ('고', 'EC'), ('다니', 'VV'), ('ㄹ', 'ETM'), ('수', 'NNB'), ('있', 'VA'), ('고', 'EC'), ('특히', 'MAG'), ('먹', 'VV'), ('기', 'ETN'), ('진짜', 'MAG'), ('편하', 'VA'), ('아', 'EC'), ('요제', 'NNG'), ('픽', 'NNG'), ('은', 'JX'), ('블루베리', 'NNG'), ('이', 'VCP'), ('라서', 'EC'), ('더', 'MAG'), ('구매하', 'VV'), ('러', 'EC'), ('가', 'VV'), ('ㅂ니다', 'EF')]","['굼벵이', '상상', '꿀', '블루베리', '향', '피로', '꿀', '몸', '굼벵이', '석조', '요제', '픽', '블루베리']",긍정,0.9945876598358154
55200,55200,55200,1080,굼FLEX 햄프씨드 먹은 굼벵이가 들어간 단백질 홍삼 스틱벌꿀 4종 꿀선물 굼플렉스 7g [원산지:국산(충청남도 예산군)],"4,000",5.0,jina***,5.0,22.08.03.,"굼FLEX (7g x 1포): 블루베리 _ 1개
",유통기한아주 넉넉해요포장꼼꼼해요편리편리해요,굼뱅이를 이렇게 간편하게 먹을 수 있다니 너무 좋네요. 거기에 하루에 꿀 한수푼은 보약이라던데 굼뱅이와 꿀을 조합한 간편한 건강식품이라니 세상 간편하게 먹을수 있어요. 냄새도 하나도 안나고 쭉 짜먹으면 꿀먹는거 같아요 달달해도 꿀도 다니까^^ 좋은 제품 많이 만들어 주세요!,굼뱅이를 이렇게 간편하게 먹을 수 있다니 너무 좋네요 거기에 하루에 꿀 한수푼은 보약이라던데 굼뱅이와 꿀을 조합한 간편한 건강식품이라니 세상 간편하게 먹을수 있어요 냄새도 하나도 안나고 쭉 짜먹으면 꿀먹는거 같아요 달달해도 꿀도 다니까 좋은 제품 많이 만들어 주세요,"['굼뱅이', '수', '거기', '하루', '꿀', '수', '푼', '보약', '굼뱅이', '꿀', '건강식품', '세상', '수', '냄새', '꿀', '거', '꿀', '제품']","[('굼뱅이', 'NNG'), ('를', 'JKO'), ('이렇', 'VA'), ('게', 'EC'), ('간편하', 'VA'), ('게', 'EC'), ('먹', 'VV'), ('을', 'ETM'), ('수', 'NNB'), ('있', 'VA'), ('다니', 'EC'), ('너무', 'MAG'), ('좋', 'VA'), ('네', 'EF'), ('요', 'JX'), ('거기', 'NP'), ('에', 'JKB'), ('하루', 'NNG'), ('에', 'JKB'), ('꿀', 'NNG'), ('한', 'MMN'), ('수', 'NNG'), ('푼', 'NNB'), ('은', 'JX'), ('보약', 'NNG'), ('이', 'VCP'), ('라던데', 'EC'), ('굼뱅이', 'NNG'), ('와', 'JC'), ('꿀', 'NNG'), ('을', 'JKO'), ('조합하', 'VV'), ('ㄴ', 'ETM'), ('간편하', 'VA'), ('ㄴ', 'ETM'), ('건강식품', 'NNG'), ('이', 'VCP'), ('라니', 'EC'), ('세상', 'NNG'), ('간편하', 'VA'), ('게', 'EC'), ('먹', 'VV'), ('을', 'ETM'), ('수', 'NNB'), ('있', 'VA'), ('어요', 'EF'), ('냄새', 'NNG'), ('도', 'JX'), ('하나', 'NR'), ('도', 'JX'), ('안', 'MAG'), ('나', 'VV'), ('고', 'EC'), ('쭉', 'MAG'), ('짜', 'VV'), ('아', 'EC'), ('먹', 'VX'), ('으면', 'EC'), ('꿀', 'NNG'), ('먹', 'VV'), ('는', 'ETM'), ('거', 'NNB'), ('같', 'VA'), ('아요', 'EF'), ('달달하', 'VV'), ('아도', 'EC'), ('꿀', 'NNG'), ('도', 'JX'), ('달', 'VV'), ('니까', 'EC'), ('좋', 'VA'), ('은', 'ETM'), ('제품', 'NNG'), ('많이', 'MAG'), ('만들', 'VV'), ('어', 'EC'), ('주', 'VX'), ('시', 'EP'), ('어요', 'EF')]","['굼뱅이', '거기', '하루', '꿀', '푼', '보약', '굼뱅이', '꿀', '건강식품', '세상', '냄새', '꿀', '꿀', '제품']",긍정,0.993686854839325
55201,55201,55201,1081,굼FLEX 햄프씨드 먹은 굼벵이가 들어간 단백질 홍삼 스틱벌꿀 4종 꿀선물 굼플렉스 7g [원산지:국산(충청남도 예산군)],"4,000",5.0,hanu*******,5.0,22.07.30.,"굼FLEX (7g x 1포): 오리지널 _ 1개
",유통기한아주 넉넉해요포장꼼꼼해요편리편리해요,오리지널 맛은 단백질 성분이 듬뿍 들어있는 느낌이네요.  다른 맛이 아니 제품 그대로 느끼실꺼면 강추에요...,오리지널 맛은 단백질 성분이 듬뿍 들어있는 느낌이네요  다른 맛이 아니 제품 그대로 느끼실꺼면 강추에요,"['오리지널', '맛', '단백질', '성분', '느낌', '맛', '제품', '꺼', '강추']","[('오리지널', 'NNG'), ('맛', 'NNG'), ('은', 'JX'), ('단백질', 'NNG'), ('성분', 'NNG'), ('이', 'JKS'), ('듬뿍', 'MAG'), ('들', 'VV'), ('어', 'EC'), ('있', 'VX'), ('는', 'ETM'), ('느낌', 'NNG'), ('이', 'VCP'), ('네', 'EF'), ('요', 'JX'), ('다른', 'MMD'), ('맛', 'NNG'), ('이', 'JKS'), ('아니', 'IC'), ('제품', 'NNG'), ('그대로', 'MAG'), ('느끼', 'VV'), ('시', 'EP'), ('ㄹ', 'ETM'), ('꺼', 'NNB'), ('이', 'VCP'), ('면', 'EC'), ('강추', 'NNG'), ('이', 'VCP'), ('에요', 'EF')]","['오리지널', '맛', '단백질', '성분', '느낌', '맛', '제품', '강추']",긍정,0.8243511319160461
55202,55202,55202,1082,굼FLEX 햄프씨드 먹은 굼벵이가 들어간 단백질 홍삼 스틱벌꿀 4종 꿀선물 굼플렉스 7g [원산지:국산(충청남도 예산군)],"4,000",5.0,scor*******,5.0,22.07.24.,"굼FLEX (7g x 1포): 복숭아 _ 1개
",유통기한아주 넉넉해요포장꼼꼼해요편리편리해요,"주문한 다음날 왔고요. 포장도 잘해서 보내주셨네요. 일단 먹기 편하고요, 굼벵이에 대한 거부감이 전혀 없을 정도로 꿀맛 복숭아 맛이 다 잡아주네요. 건강에도 좋겠지만 맛도 있어요.",주문한 다음날 왔고요 포장도 잘해서 보내주셨네요 일단 먹기 편하고요 굼벵이에 대한 거부감이 전혀 없을 정도로 꿀맛 복숭아 맛이 다 잡아주네요 건강에도 좋겠지만 맛도 있어요,"['다음날', '포장', '굼벵이', '거부감', '정도', '꿀맛', '복숭아', '맛', '건강', '맛']","[('주문하', 'VV'), ('ㄴ', 'ETM'), ('다음날', 'NNG'), ('오', 'VV'), ('았', 'EP'), ('고', 'EC'), ('요', 'JX'), ('포장', 'NNG'), ('도', 'JX'), ('잘하', 'VV'), ('아서', 'EC'), ('보내', 'VV'), ('어', 'EC'), ('주', 'VX'), ('시', 'EP'), ('었', 'EP'), ('네', 'EF'), ('요', 'JX'), ('일단', 'MAG'), ('먹', 'VV'), ('기', 'ETN'), ('편하', 'VA'), ('고', 'EC'), ('요', 'JX'), ('굼벵이', 'NNG'), ('에', 'JKB'), ('대하', 'VV'), ('ㄴ', 'ETM'), ('거부감', 'NNG'), ('이', 'JKS'), ('전혀', 'MAG'), ('없', 'VA'), ('을', 'ETM'), ('정도', 'NNG'), ('로', 'JKB'), ('꿀맛', 'NNG'), ('복숭아', 'NNG'), ('맛', 'NNG'), ('이', 'JKS'), ('다', 'MAG'), ('잡', 'VV'), ('아', 'EC'), ('주', 'VX'), ('네', 'EF'), ('요', 'JX'), ('건강', 'NNG'), ('에', 'JKB'), ('도', 'JX'), ('좋', 'VA'), ('겠', 'EP'), ('지만', 'EC'), ('맛', 'NNG'), ('도', 'JX'), ('있', 'VA'), ('어요', 'EF')]","['다음날', '포장', '굼벵이', '거부감', '정도', '꿀맛', '복숭아', '맛', '건강', '맛']",긍정,0.9936257600784302
55203,55203,55203,1083,굼FLEX 햄프씨드 먹은 굼벵이가 들어간 단백질 홍삼 스틱벌꿀 4종 꿀선물 굼플렉스 7g [원산지:국산(충청남도 예산군)],"4,000",5.0,wooj***,5.0,22.07.26.,"굼FLEX (7g x 1포): 오리지널 _ 1개
",유통기한아주 넉넉해요포장꼼꼼해요편리편리해요,"빠른 배송 감사합니다.
휴대하기도 편하고 먹기도 편하네요.
선물하기도 좋을 것 같아요.
굼벵이가 몸에 좋다고 하니 잘 챙겨 먹어봐야겠네요.",빠른 배송 감사합니다휴대하기도 편하고 먹기도 편하네요선물하기도 좋을 것 같아요굼벵이가 몸에 좋다고 하니 잘 챙겨 먹어봐야겠네요,"['배송', '휴대', '것', '굼벵이', '몸']","[('빠르', 'VA'), ('ㄴ', 'ETM'), ('배송', 'NNG'), ('감사하', 'VV'), ('ㅂ니다', 'EF'), ('휴대', 'NNG'), ('하', 'XSV'), ('기', 'ETN'), ('도', 'JX'), ('편하', 'VA'), ('고', 'EC'), ('먹', 'VV'), ('기', 'ETN'), ('도', 'JX'), ('편하', 'VA'), ('네', 'EF'), ('요', 'JX'), ('선물하', 'VV'), ('기', 'ETN'), ('도', 'JX'), ('좋', 'VA'), ('을', 'ETM'), ('것', 'NNB'), ('같', 'VA'), ('아요', 'EF'), ('굼벵이', 'NNG'), ('가', 'JKS'), ('몸', 'NNG'), ('에', 'JKB'), ('좋', 'VA'), ('다고', 'EC'), ('하', 'VV'), ('니', 'EC'), ('잘', 'MAG'), ('챙기', 'VV'), ('어', 'EC'), ('먹', 'VV'), ('어', 'EC'), ('보', 'VX'), ('아야', 'EC'), ('하', 'VX'), ('겠', 'EP'), ('네', 'EF'), ('요', 'JX')]","['배송', '휴대', '굼벵이', '몸']",긍정,0.9889410138130188
55204,55204,55204,1084,굼FLEX 햄프씨드 먹은 굼벵이가 들어간 단백질 홍삼 스틱벌꿀 4종 꿀선물 굼플렉스 7g [원산지:국산(충청남도 예산군)],"4,000",5.0,jd****,5.0,22.07.19.,"굼FLEX (7g x 1포): 복숭아 _ 1개
",유통기한아주 넉넉해요포장꼼꼼해요편리편리해요,건강한 꿀맛입니다. 4살 애기가 요즘 물을 많이 먹어서 물에타줘봤는데 물을 계속 찾습니다. 그만큼 편하게 먹일 수 있을 거같아요. 술먹고 꿀물로 먹울라구 했는데 여분 더 시켜야 할 각...,건강한 꿀맛입니다 살 애기가 요즘 물을 많이 먹어서 물에타줘봤는데 물을 계속 찾습니다 그만큼 편하게 먹일 수 있을 거같아요 술먹고 꿀물로 먹울라구 했는데 여분 더 시켜야 할 각,"['꿀맛', '애기', '요즘', '물', '물', '물', '수', '거', '술', '꿀물', '여분', '각']","[('건강하', 'VA'), ('ㄴ', 'ETM'), ('꿀맛', 'NNG'), ('이', 'VCP'), ('ㅂ니다', 'EF'), ('살', 'VV'), ('ㄹ', 'ETM'), ('애기', 'NNG'), ('가', 'JKS'), ('요즘', 'NNG'), ('물', 'NNG'), ('을', 'JKO'), ('많이', 'MAG'), ('먹', 'VV'), ('어서', 'EC'), ('물', 'NNG'), ('에', 'JKB'), ('타', 'VV'), ('아', 'EC'), ('주', 'VX'), ('어', 'EC'), ('보', 'VX'), ('았', 'EP'), ('는데', 'EC'), ('물', 'NNG'), ('을', 'JKO'), ('계속', 'MAG'), ('찾', 'VV'), ('습니다', 'EF'), ('그만큼', 'MAG'), ('편하', 'VA'), ('게', 'EC'), ('먹이', 'VV'), ('ㄹ', 'ETM'), ('수', 'NNB'), ('있', 'VA'), ('을', 'ETM'), ('거', 'NNB'), ('같', 'VA'), ('아요', 'EF'), ('술', 'NNG'), ('먹', 'VV'), ('고', 'EC'), ('꿀물', 'NNG'), ('로', 'JKB'), ('먹우', 'VV'), ('ㄹ라구', 'EC'), ('하', 'VV'), ('았', 'EP'), ('는데', 'EC'), ('여분', 'NNG'), ('더', 'MAG'), ('시키', 'VV'), ('어야', 'EC'), ('하', 'VX'), ('ㄹ', 'ETM'), ('각', 'NNG')]","['꿀맛', '애기', '요즘', '물', '물', '물', '술', '꿀물', '여분', '각']",긍정,0.9937288761138916
55205,55205,55205,1085,굼FLEX 햄프씨드 먹은 굼벵이가 들어간 단백질 홍삼 스틱벌꿀 4종 꿀선물 굼플렉스 7g [원산지:국산(충청남도 예산군)],"4,000",5.0,hanu*******,5.0,22.07.30.,"굼FLEX (7g x 1포): 블루베리 _ 1개
",유통기한아주 넉넉해요포장꼼꼼해요편리편리해요,진짜 맛있어요.. 블루베리도 괜찮은데요? 복숭아 맛도 좋은데 블루베이도 좋네요 대박!!!,진짜 맛있어요 블루베리도 괜찮은데요 복숭아 맛도 좋은데 블루베이도 좋네요 대박,"['블루베리', '복숭아', '맛', '블루베이', '박']","[('진짜', 'MAG'), ('맛있', 'VA'), ('어요', 'EF'), ('블루베리', 'NNG'), ('도', 'JX'), ('괜찮', 'VA'), ('은데', 'EC'), ('요', 'JX'), ('복숭아', 'NNG'), ('맛', 'NNG'), ('도', 'JX'), ('좋', 'VA'), ('은데', 'EC'), ('블루베이', 'NNG'), ('도', 'JX'), ('좋', 'VA'), ('네', 'EF'), ('요', 'JX'), ('대', 'XPN'), ('박', 'NNG')]","['블루베리', '복숭아', '맛', '블루베이', '박']",긍정,0.9936174154281616
55206,55206,55206,1086,굼FLEX 햄프씨드 먹은 굼벵이가 들어간 단백질 홍삼 스틱벌꿀 4종 꿀선물 굼플렉스 7g [원산지:국산(충청남도 예산군)],"4,000",5.0,hanu*******,5.0,22.07.30.,"굼FLEX (7g x 1포): 복숭아 _ 1개
",유통기한아주 넉넉해요포장꼼꼼해요편리편리해요,포장상태가 예술인데요 보통 포형태로 되어있는데 포장상태 깜놀~~~ 맛은 더 깜놀~~~ 애들도 잘 먹을듯요...,포장상태가 예술인데요 보통 포형태로 되어있는데 포장상태 깜놀 맛은 더 깜놀 애들도 잘 먹을듯요,"['포장', '상태', '예술', '포', '형태', '포장', '상태', '깜', '맛', '애', '듯']","[('포장', 'NNG'), ('상태', 'NNG'), ('가', 'JKS'), ('예술', 'NNG'), ('이', 'VCP'), ('ㄴ데', 'EC'), ('요', 'JX'), ('보통', 'MAG'), ('포', 'NNG'), ('형태', 'NNG'), ('로', 'JKB'), ('되', 'VV'), ('어', 'EC'), ('있', 'VX'), ('는데', 'EC'), ('포장', 'NNG'), ('상태', 'NNG'), ('깜', 'NNG'), ('놓', 'VV'), ('ㄹ', 'ETM'), ('맛', 'NNG'), ('은', 'JX'), ('더', 'MAG'), ('깜놓', 'VV'), ('ㄹ', 'ETM'), ('애', 'NNG'), ('들', 'XSN'), ('도', 'JX'), ('잘', 'MAG'), ('먹', 'VV'), ('을', 'ETM'), ('듯', 'NNB'), ('이', 'VCP'), ('오', 'EF')]","['포장', '상태', '예술', '형태', '포장', '상태', '깜', '맛', '애', '듯']",긍정,0.9683877825737
55207,55207,55207,1087,굼FLEX 햄프씨드 먹은 굼벵이가 들어간 단백질 홍삼 스틱벌꿀 4종 꿀선물 굼플렉스 7g [원산지:국산(충청남도 예산군)],"4,000",5.0,hanu*******,5.0,22.07.30.,"굼FLEX (7g x 1포): 인진쑥 _ 1개
",유통기한아주 넉넉해요포장꼼꼼해요편리편리해요,인진쑥은 제 입맛에 딱 맞는거 같아요. 쑥향이 한가득 너무 좋은데요? 추가 구매 하겠습니다,인진쑥은 제 입맛에 딱 맞는거 같아요 쑥향이 한가득 너무 좋은데요 추가 구매 하겠습니다,"['인진쑥', '저', '입맛', '거', '쑥향', '추가', '구매']","[('인진쑥', 'NNG'), ('은', 'JX'), ('저', 'NP'), ('의', 'JKG'), ('입맛', 'NNG'), ('에', 'JKB'), ('딱', 'MAG'), ('맞', 'VV'), ('는', 'ETM'), ('거', 'NNB'), ('같', 'VA'), ('아요', 'EF'), ('쑥향', 'NNG'), ('이', 'JKS'), ('한가득', 'MAG'), ('너무', 'MAG'), ('좋', 'VA'), ('은데', 'EC'), ('요', 'JX'), ('추가', 'NNG'), ('구매', 'NNG'), ('하', 'VV'), ('겠', 'EP'), ('습니다', 'EF')]","['인진쑥', '입맛', '쑥향', '추가', '구매']",긍정,0.9840009212493896
55208,55208,55208,1088,굼FLEX 햄프씨드 먹은 굼벵이가 들어간 단백질 홍삼 스틱벌꿀 4종 꿀선물 굼플렉스 7g [원산지:국산(충청남도 예산군)],"4,000",5.0,scor*******,5.0,22.07.24.,"굼FLEX (7g x 1포): 블루베리 _ 1개
",유통기한아주 넉넉해요포장꼼꼼해요편리편리해요,배송 빠르고요. 블루베리 맛 맛있어요. 건강도 챙기면서 맛있게 먹을게요.,배송 빠르고요 블루베리 맛 맛있어요 건강도 챙기면서 맛있게 먹을게요,"['배송', '블루베리', '맛', '건강']","[('배송', 'NNG'), ('빠르', 'VA'), ('고', 'EC'), ('요', 'JX'), ('블루베리', 'NNG'), ('맛', 'NNG'), ('맛있', 'VA'), ('어요', 'EF'), ('건강', 'NNG'), ('도', 'JX'), ('챙기', 'VV'), ('면서', 'EC'), ('맛있', 'VA'), ('게', 'EC'), ('먹', 'VV'), ('을게', 'EF'), ('요', 'JX')]","['배송', '블루베리', '맛', '건강']",긍정,0.9908987283706665
55209,55209,55209,1089,굼FLEX 햄프씨드 먹은 굼벵이가 들어간 단백질 홍삼 스틱벌꿀 4종 꿀선물 굼플렉스 7g [원산지:국산(충청남도 예산군)],"4,000",5.0,sara******,5.0,22.07.24.,"굼FLEX (7g x 1포): 복숭아 _ 1개
",유통기한아주 넉넉해요포장꼼꼼해요편리편리해요,굼벵이가 건강에 좋다고 하던데요^^잘 먹겠습니다,굼벵이가 건강에 좋다고 하던데요잘 먹겠습니다,"['굼벵이', '건강']","[('굼벵이', 'NNG'), ('가', 'JKS'), ('건강', 'NNG'), ('에', 'JKB'), ('좋', 'VA'), ('다고', 'EC'), ('하', 'VV'), ('던데', 'EF'), ('요', 'JX'), ('잘', 'MAG'), ('먹', 'VV'), ('겠', 'EP'), ('습니다', 'EF')]","['굼벵이', '건강']",긍정,0.9875162839889526
55210,55210,55210,1090,굼FLEX 햄프씨드 먹은 굼벵이가 들어간 단백질 홍삼 스틱벌꿀 4종 꿀선물 굼플렉스 7g [원산지:국산(충청남도 예산군)],"4,000",5.0,scor*******,5.0,22.07.24.,"굼FLEX (7g x 1포): 오리지널 _ 1개
",유통기한아주 넉넉해요포장꼼꼼해요편리편리해요,오리지널이라 맛이 어떨까 했는데 거부감이 전혀 없이 먹을 수 있어요.,오리지널이라 맛이 어떨까 했는데 거부감이 전혀 없이 먹을 수 있어요,"['오리지널', '맛', '거부감', '수']","[('오리지널', 'NNG'), ('이', 'VCP'), ('라', 'EC'), ('맛', 'NNG'), ('이', 'JKS'), ('어떻', 'VA'), ('ㄹ까', 'EF'), ('하', 'VV'), ('았', 'EP'), ('는데', 'EC'), ('거부감', 'NNG'), ('이', 'JKS'), ('전혀', 'MAG'), ('없이', 'MAG'), ('먹', 'VV'), ('을', 'ETM'), ('수', 'NNB'), ('있', 'VA'), ('어요', 'EF')]","['오리지널', '맛', '거부감']",긍정,0.9719539284706116
55211,55211,55211,1091,굼FLEX 햄프씨드 먹은 굼벵이가 들어간 단백질 홍삼 스틱벌꿀 4종 꿀선물 굼플렉스 7g [원산지:국산(충청남도 예산군)],"4,000",5.0,wooj***,5.0,22.07.26.,"굼FLEX (7g x 1포): 블루베리 _ 1개
",유통기한아주 넉넉해요포장꼼꼼해요편리편리해요,"빠른배송에 포장도 잘되어 있고
휴대성도 좋네요.
오리지널 , 블루베리 먼저 먹어봤는데
오리지널도 꿀맛이 나서 부담없이 먹기 좋네요.",빠른배송에 포장도 잘되어 있고휴대성도 좋네요오리지널  블루베리 먼저 먹어봤는데오리지널도 꿀맛이 나서 부담없이 먹기 좋네요,"['배송', '포장', '휴대', '오리지널', '블루베리', '오리지널', '꿀맛', '부담']","[('빠르', 'VA'), ('ㄴ', 'ETM'), ('배송', 'NNG'), ('에', 'JKB'), ('포장', 'NNG'), ('도', 'JX'), ('잘되', 'VV'), ('어', 'EC'), ('있', 'VX'), ('고', 'EC'), ('휴대', 'NNG'), ('성', 'XSN'), ('도', 'JX'), ('좋', 'VA'), ('네', 'EF'), ('요', 'JX'), ('오리지널', 'NNG'), ('블루베리', 'NNG'), ('먼저', 'MAG'), ('먹', 'VV'), ('어', 'EC'), ('보', 'VX'), ('았', 'EP'), ('는데', 'EC'), ('오리지널', 'NNG'), ('도', 'JX'), ('꿀맛', 'NNG'), ('이', 'JKS'), ('나', 'VX'), ('아서', 'EC'), ('부담', 'NNG'), ('없이', 'MAG'), ('먹', 'VV'), ('기', 'ETN'), ('좋', 'VA'), ('네', 'EF'), ('요', 'JX')]","['배송', '포장', '휴대', '오리지널', '블루베리', '오리지널', '꿀맛', '부담']",긍정,0.993196964263916
55212,55212,55212,1092,굼FLEX 햄프씨드 먹은 굼벵이가 들어간 단백질 홍삼 스틱벌꿀 4종 꿀선물 굼플렉스 7g [원산지:국산(충청남도 예산군)],"4,000",5.0,hiro*******,5.0,22.07.27.,"굼FLEX (7g x 1포): 오리지널 _ 1개
",유통기한아주 넉넉해요포장꼼꼼해요편리편리해요,한포만 먹어봐도 효과 있습니다 ㅎ 맛과 향도 이질감 없이 맛있습니다ㅎ 주변 분들과 하나씩 나눠 먹었는데 다들 컨디션 좋다고 하네요ㅎ 추가 구매 하겠습니다^^,한포만 먹어봐도 효과 있습니다 ㅎ 맛과 향도 이질감 없이 맛있습니다ㅎ 주변 분들과 하나씩 나눠 먹었는데 다들 컨디션 좋다고 하네요ㅎ 추가 구매 하겠습니다,"['포', '효과', 'ㅎ', '맛과', '향', '이질감', 'ㅎ', '주변', '분', '컨디션', 'ㅎ', '추가', '구매']","[('한', 'MMN'), ('포', 'NNG'), ('만', 'JX'), ('먹', 'VV'), ('어', 'EC'), ('보', 'VX'), ('아도', 'EC'), ('효과', 'NNG'), ('있', 'VA'), ('습니다', 'EF'), ('ㅎ', 'NNG'), ('맛과', 'NNG'), ('향', 'NNG'), ('도', 'JX'), ('이질감', 'NNG'), ('없이', 'MAG'), ('맛있', 'VA'), ('습니다', 'EF'), ('ㅎ', 'NNG'), ('주변', 'NNG'), ('분', 'NNB'), ('들', 'XSN'), ('과', 'JKB'), ('하나', 'NR'), ('씩', 'XSN'), ('나누', 'VV'), ('어', 'EC'), ('먹', 'VV'), ('었', 'EP'), ('는데', 'EC'), ('다', 'MAG'), ('들', 'XSN'), ('컨디션', 'NNG'), ('좋', 'VA'), ('다고', 'EC'), ('하', 'VV'), ('네', 'EF'), ('요', 'JX'), ('ㅎ', 'NNG'), ('추가', 'NNG'), ('구매', 'NNG'), ('하', 'VV'), ('겠', 'EP'), ('습니다', 'EF')]","['효과', '맛과', '향', '이질감', '주변', '컨디션', '추가', '구매']",긍정,0.994579553604126
55213,55213,55213,1093,굼FLEX 햄프씨드 먹은 굼벵이가 들어간 단백질 홍삼 스틱벌꿀 4종 꿀선물 굼플렉스 7g [원산지:국산(충청남도 예산군)],"4,000",5.0,hiro*******,5.0,22.07.27.,"굼FLEX (7g x 1포): 블루베리 _ 1개
",유통기한아주 넉넉해요포장꼼꼼해요편리편리해요,한포만 먹어봐도 효과 있습니다 ㅎ 맛과 향도 이질감 없이 맛있습니다ㅎ 주변 분들과 하나씩 나눠 먹었는데 다들 컨디션 좋다고 하네요ㅎ 추가 구매 하겠습니다^^,한포만 먹어봐도 효과 있습니다 ㅎ 맛과 향도 이질감 없이 맛있습니다ㅎ 주변 분들과 하나씩 나눠 먹었는데 다들 컨디션 좋다고 하네요ㅎ 추가 구매 하겠습니다,"['포', '효과', 'ㅎ', '맛과', '향', '이질감', 'ㅎ', '주변', '분', '컨디션', 'ㅎ', '추가', '구매']","[('한', 'MMN'), ('포', 'NNG'), ('만', 'JX'), ('먹', 'VV'), ('어', 'EC'), ('보', 'VX'), ('아도', 'EC'), ('효과', 'NNG'), ('있', 'VA'), ('습니다', 'EF'), ('ㅎ', 'NNG'), ('맛과', 'NNG'), ('향', 'NNG'), ('도', 'JX'), ('이질감', 'NNG'), ('없이', 'MAG'), ('맛있', 'VA'), ('습니다', 'EF'), ('ㅎ', 'NNG'), ('주변', 'NNG'), ('분', 'NNB'), ('들', 'XSN'), ('과', 'JKB'), ('하나', 'NR'), ('씩', 'XSN'), ('나누', 'VV'), ('어', 'EC'), ('먹', 'VV'), ('었', 'EP'), ('는데', 'EC'), ('다', 'MAG'), ('들', 'XSN'), ('컨디션', 'NNG'), ('좋', 'VA'), ('다고', 'EC'), ('하', 'VV'), ('네', 'EF'), ('요', 'JX'), ('ㅎ', 'NNG'), ('추가', 'NNG'), ('구매', 'NNG'), ('하', 'VV'), ('겠', 'EP'), ('습니다', 'EF')]","['효과', '맛과', '향', '이질감', '주변', '컨디션', '추가', '구매']",긍정,0.994579553604126
55214,55214,55214,1094,굼FLEX 햄프씨드 먹은 굼벵이가 들어간 단백질 홍삼 스틱벌꿀 4종 꿀선물 굼플렉스 7g [원산지:국산(충청남도 예산군)],"4,000",5.0,hiro*******,5.0,22.07.27.,"굼FLEX (7g x 1포): 인진쑥 _ 1개
",유통기한아주 넉넉해요포장꼼꼼해요편리편리해요,한포만 먹어봐도 효과 있습니다 ㅎ 맛과 향도 이질감 없이 맛있습니다ㅎ 주변 분들과 하나씩 나눠 먹었는데 다들 컨디션 좋다고 하네요ㅎ 추가 구매 하겠습니다^^,한포만 먹어봐도 효과 있습니다 ㅎ 맛과 향도 이질감 없이 맛있습니다ㅎ 주변 분들과 하나씩 나눠 먹었는데 다들 컨디션 좋다고 하네요ㅎ 추가 구매 하겠습니다,"['포', '효과', 'ㅎ', '맛과', '향', '이질감', 'ㅎ', '주변', '분', '컨디션', 'ㅎ', '추가', '구매']","[('한', 'MMN'), ('포', 'NNG'), ('만', 'JX'), ('먹', 'VV'), ('어', 'EC'), ('보', 'VX'), ('아도', 'EC'), ('효과', 'NNG'), ('있', 'VA'), ('습니다', 'EF'), ('ㅎ', 'NNG'), ('맛과', 'NNG'), ('향', 'NNG'), ('도', 'JX'), ('이질감', 'NNG'), ('없이', 'MAG'), ('맛있', 'VA'), ('습니다', 'EF'), ('ㅎ', 'NNG'), ('주변', 'NNG'), ('분', 'NNB'), ('들', 'XSN'), ('과', 'JKB'), ('하나', 'NR'), ('씩', 'XSN'), ('나누', 'VV'), ('어', 'EC'), ('먹', 'VV'), ('었', 'EP'), ('는데', 'EC'), ('다', 'MAG'), ('들', 'XSN'), ('컨디션', 'NNG'), ('좋', 'VA'), ('다고', 'EC'), ('하', 'VV'), ('네', 'EF'), ('요', 'JX'), ('ㅎ', 'NNG'), ('추가', 'NNG'), ('구매', 'NNG'), ('하', 'VV'), ('겠', 'EP'), ('습니다', 'EF')]","['효과', '맛과', '향', '이질감', '주변', '컨디션', '추가', '구매']",긍정,0.994579553604126
55215,55215,55215,1095,굼FLEX 햄프씨드 먹은 굼벵이가 들어간 단백질 홍삼 스틱벌꿀 4종 꿀선물 굼플렉스 7g [원산지:국산(충청남도 예산군)],"4,000",5.0,scor*******,5.0,22.07.24.,"굼FLEX (7g x 1포): 인진쑥 _ 1개
",유통기한아주 넉넉해요포장꼼꼼해요편리편리해요,배송도 빠르고 먹기 편리하고 좋아요,배송도 빠르고 먹기 편리하고 좋아요,['배송'],"[('배송', 'NNG'), ('도', 'JX'), ('빠르', 'VA'), ('고', 'EC'), ('먹', 'VV'), ('기', 'ETN'), ('편리하', 'VA'), ('고', 'EC'), ('좋', 'VA'), ('아요', 'EF')]",['배송'],긍정,0.9708827137947083
55216,55216,55216,1096,굼FLEX 햄프씨드 먹은 굼벵이가 들어간 단백질 홍삼 스틱벌꿀 4종 꿀선물 굼플렉스 7g [원산지:국산(충청남도 예산군)],"4,000",5.0,wooj***,5.0,22.07.26.,"굼FLEX (7g x 1포): 인진쑥 _ 1개
",유통기한아주 넉넉해요포장꼼꼼해요편리편리해요,"굼벵이라 오리지널은 걱정했는데
전혀 부담없이 먹을 수 있는 맛이네요.
홍삼처럼 쓴맛도 없고 괜찮네요.",굼벵이라 오리지널은 걱정했는데전혀 부담없이 먹을 수 있는 맛이네요홍삼처럼 쓴맛도 없고 괜찮네요,"['굼벵이', '오리지널', '부담', '수', '맛', '홍삼', '쓴맛']","[('굼벵이', 'NNG'), ('이', 'VCP'), ('라', 'EC'), ('오리지널', 'NNG'), ('은', 'JX'), ('걱정하', 'VV'), ('았', 'EP'), ('는데', 'EC'), ('전혀', 'MAG'), ('부담', 'NNG'), ('없이', 'MAG'), ('먹', 'VV'), ('을', 'ETM'), ('수', 'NNB'), ('있', 'VA'), ('는', 'ETM'), ('맛', 'NNG'), ('이', 'VCP'), ('네', 'EF'), ('요', 'JX'), ('홍삼', 'NNG'), ('처럼', 'JKB'), ('쓴맛', 'NNG'), ('도', 'JX'), ('없', 'VA'), ('고', 'EC'), ('괜찮', 'VA'), ('네', 'EF'), ('요', 'JX')]","['굼벵이', '오리지널', '부담', '맛', '홍삼', '쓴맛']",긍정,0.9923213124275208
55217,55217,55217,1097,굼FLEX 햄프씨드 먹은 굼벵이가 들어간 단백질 홍삼 스틱벌꿀 4종 꿀선물 굼플렉스 7g [원산지:국산(충청남도 예산군)],"4,000",5.0,hiro*******,5.0,22.07.27.,"굼FLEX (7g x 1포): 복숭아 _ 1개
",유통기한아주 넉넉해요포장꼼꼼해요편리편리해요,한포만 먹어봐도 효과 있습니다 ㅎ 맛과 향도 이질감 없이 맛있습니다ㅎ 주변 분들과 하나씩 나눠 먹었는데 다들 컨디션 좋다고 하네요ㅎ 추가 구매 하겠습니다^^,한포만 먹어봐도 효과 있습니다 ㅎ 맛과 향도 이질감 없이 맛있습니다ㅎ 주변 분들과 하나씩 나눠 먹었는데 다들 컨디션 좋다고 하네요ㅎ 추가 구매 하겠습니다,"['포', '효과', 'ㅎ', '맛과', '향', '이질감', 'ㅎ', '주변', '분', '컨디션', 'ㅎ', '추가', '구매']","[('한', 'MMN'), ('포', 'NNG'), ('만', 'JX'), ('먹', 'VV'), ('어', 'EC'), ('보', 'VX'), ('아도', 'EC'), ('효과', 'NNG'), ('있', 'VA'), ('습니다', 'EF'), ('ㅎ', 'NNG'), ('맛과', 'NNG'), ('향', 'NNG'), ('도', 'JX'), ('이질감', 'NNG'), ('없이', 'MAG'), ('맛있', 'VA'), ('습니다', 'EF'), ('ㅎ', 'NNG'), ('주변', 'NNG'), ('분', 'NNB'), ('들', 'XSN'), ('과', 'JKB'), ('하나', 'NR'), ('씩', 'XSN'), ('나누', 'VV'), ('어', 'EC'), ('먹', 'VV'), ('었', 'EP'), ('는데', 'EC'), ('다', 'MAG'), ('들', 'XSN'), ('컨디션', 'NNG'), ('좋', 'VA'), ('다고', 'EC'), ('하', 'VV'), ('네', 'EF'), ('요', 'JX'), ('ㅎ', 'NNG'), ('추가', 'NNG'), ('구매', 'NNG'), ('하', 'VV'), ('겠', 'EP'), ('습니다', 'EF')]","['효과', '맛과', '향', '이질감', '주변', '컨디션', '추가', '구매']",긍정,0.994579553604126
55218,55218,55218,1098,굼FLEX 햄프씨드 먹은 굼벵이가 들어간 단백질 홍삼 스틱벌꿀 4종 꿀선물 굼플렉스 7g [원산지:국산(충청남도 예산군)],"4,000",5.0,sara******,5.0,22.07.24.,"굼FLEX (7g x 1포): 블루베리 _ 1개
",유통기한아주 넉넉해요포장꼼꼼해요편리편리해요,건강 챙길게요^^ 잘먹고요 ㅎ,건강 챙길게요 잘먹고요 ㅎ,"['건강', 'ㅎ']","[('건강', 'NNG'), ('챙기', 'VV'), ('ㄹ게', 'EF'), ('요', 'JX'), ('잘', 'MAG'), ('먹', 'VV'), ('고', 'EC'), ('요', 'JX'), ('ㅎ', 'NNG')]",['건강'],긍정,0.9833487272262573
55219,55219,55219,1099,굼FLEX 햄프씨드 먹은 굼벵이가 들어간 단백질 홍삼 스틱벌꿀 4종 꿀선물 굼플렉스 7g [원산지:국산(충청남도 예산군)],"4,000",5.0,sara******,5.0,22.07.24.,"굼FLEX (7g x 1포): 인진쑥 _ 1개
",유통기한아주 넉넉해요포장꼼꼼해요편리편리해요,포장도 뽁뽁이로 안전하게 잘포장됐어요^^,포장도 뽁뽁이로 안전하게 잘포장됐어요,"['포장', '뽁뽁이']","[('포장', 'NNG'), ('도', 'JX'), ('뽁뽁이', 'NNG'), ('로', 'JKB'), ('안전하', 'VA'), ('게', 'EC'), ('잘', 'MAG'), ('포장되', 'VV'), ('었', 'EP'), ('어요', 'EF')]","['포장', '뽁뽁이']",긍정,0.9920184016227722
55220,55220,55220,1100,굼FLEX 햄프씨드 먹은 굼벵이가 들어간 단백질 홍삼 스틱벌꿀 4종 꿀선물 굼플렉스 7g [원산지:국산(충청남도 예산군)],"4,000",5.0,sara******,5.0,22.07.24.,"굼FLEX (7g x 1포): 오리지널 _ 1개
",유통기한아주 넉넉해요포장꼼꼼해요편리편리해요,굼벵이 먹고 힘낼게요^^,굼벵이 먹고 힘낼게요,['굼벵이'],"[('굼벵이', 'NNG'), ('먹', 'VV'), ('고', 'EC'), ('힘내', 'VV'), ('ㄹ게', 'EF'), ('요', 'JX')]",['굼벵이'],긍정,0.879753053188324
55221,55221,55221,1101,굼FLEX 햄프씨드 먹은 굼벵이가 들어간 단백질 홍삼 스틱벌꿀 4종 꿀선물 굼플렉스 7g [원산지:국산(충청남도 예산군)],"4,000",5.0,yyon***,5.0,22.07.23.,"굼FLEX (7g x 1포): 인진쑥 _ 1개
",유통기한아주 넉넉해요포장꼼꼼해요편리편리해요,배송도 빠르고 좋습니다.,배송도 빠르고 좋습니다,['배송'],"[('배송', 'NNG'), ('도', 'JX'), ('빠르', 'VA'), ('고', 'EC'), ('좋', 'VA'), ('습니다', 'EF')]",['배송'],긍정,0.926773726940155
55222,55222,55222,1102,굼FLEX 햄프씨드 먹은 굼벵이가 들어간 단백질 홍삼 스틱벌꿀 4종 꿀선물 굼플렉스 7g [원산지:국산(충청남도 예산군)],"4,000",5.0,wooj***,5.0,22.07.26.,"굼FLEX (7g x 1포): 복숭아 _ 1개
",유통기한아주 넉넉해요포장꼼꼼해요편리편리해요,"추천합니다!
오리지널만도 부담없이 먹기 괜찮았습니다.",추천합니다오리지널만도 부담없이 먹기 괜찮았습니다,"['오리지널', '부담']","[('추천하', 'VV'), ('ㅂ니다', 'EF'), ('오리지널', 'NNG'), ('만', 'JX'), ('도', 'JX'), ('부담', 'NNG'), ('없이', 'MAG'), ('먹', 'VV'), ('기', 'ETN'), ('괜찮', 'VA'), ('았', 'EP'), ('습니다', 'EF')]","['오리지널', '부담']",긍정,0.9904424548149109
55223,55223,55223,1103,굼FLEX 햄프씨드 먹은 굼벵이가 들어간 단백질 홍삼 스틱벌꿀 4종 꿀선물 굼플렉스 7g [원산지:국산(충청남도 예산군)],"4,000",5.0,succ*******,5.0,22.03.05.,"굼FLEX 허니스틱: 오리지널 _ 5갑
",유통기한아주 넉넉해요포장꼼꼼해요편리편리해요,"배송도 빠르고 포장도 깔끔해서 선물하기 좋네요! 환절기라 꿀차 먹으려고 보다가 이건 단백질 보충까지 된다니 좋아서 구매했어요!
한 포는 그냥 먹어봤는데 꿀 엑기스인 줄 알았어요! 진짜 진하고 달달하네요~ 그리고 따뜻한 물에 타 먹으니 목도 편하고 맛있게 먹을 수 있어서 좋네요!",배송도 빠르고 포장도 깔끔해서 선물하기 좋네요 환절기라 꿀차 먹으려고 보다가 이건 단백질 보충까지 된다니 좋아서 구매했어요한 포는 그냥 먹어봤는데 꿀 엑기스인 줄 알았어요 진짜 진하고 달달하네요 그리고 따뜻한 물에 타 먹으니 목도 편하고 맛있게 먹을 수 있어서 좋네요,"['배송', '포장', '환절기', '이거', '단백질', '보충', '포', '꿀', '엑기스', '줄', '물', '목', '수']","[('배송', 'NNG'), ('도', 'JX'), ('빠르', 'VA'), ('고', 'EC'), ('포장', 'NNG'), ('도', 'JX'), ('깔끔하', 'VA'), ('아서', 'EC'), ('선물하', 'VV'), ('기', 'ETN'), ('좋', 'VA'), ('네', 'EF'), ('요', 'JX'), ('환절기', 'NNG'), ('이', 'VCP'), ('라', 'EC'), ('꿀차', 'MAG'), ('먹', 'VV'), ('으려고', 'EC'), ('보', 'VX'), ('다가', 'EC'), ('이거', 'NP'), ('ㄴ', 'JX'), ('단백질', 'NNG'), ('보충', 'NNG'), ('까지', 'JX'), ('되', 'VV'), ('ㄴ다니', 'EC'), ('좋', 'VA'), ('아서', 'EC'), ('구매하', 'VV'), ('았', 'EP'), ('어요', 'EF'), ('하', 'VV'), ('ㄴ', 'ETM'), ('포', 'NNG'), ('는', 'JX'), ('그냥', 'MAG'), ('먹', 'VV'), ('어', 'EC'), ('보', 'VX'), ('았', 'EP'), ('는데', 'EC'), ('꿀', 'NNG'), ('엑기스', 'NNG'), ('이', 'VCP'), ('ㄴ', 'ETM'), ('줄', 'NNB'), ('알', 'VV'), ('았', 'EP'), ('어요', 'EF'), ('진짜', 'MAG'), ('진하', 'VA'), ('고', 'EC'), ('달달하', 'VA'), ('네', 'EF'), ('요', 'JX'), ('그리고', 'MAJ'), ('따뜻하', 'VA'), ('ㄴ', 'ETM'), ('물', 'NNG'), ('에', 'JKB'), ('타', 'VV'), ('아', 'EC'), ('먹', 'VV'), ('으니', 'EC'), ('목', 'NNG'), ('도', 'JX'), ('편하', 'VA'), ('고', 'EC'), ('맛있', 'VA'), ('게', 'EC'), ('먹', 'VV'), ('을', 'ETM'), ('수', 'NNB'), ('있', 'VA'), ('어서', 'EC'), ('좋', 'VA'), ('네', 'EF'), ('요', 'JX')]","['배송', '포장', '환절기', '단백질', '보충', '꿀', '엑기스', '줄', '물', '목']",긍정,0.995446503162384
55224,55224,55224,1104,굼FLEX 햄프씨드 먹은 굼벵이가 들어간 단백질 홍삼 스틱벌꿀 4종 꿀선물 굼플렉스 7g [원산지:국산(충청남도 예산군)],"4,000",5.0,cute******,5.0,22.03.05.,"굼FLEX 허니스틱: 오리지널 _ 5갑
",유통기한아주 넉넉해요포장꼼꼼해요편리편리해요,"배송도 빠르고 포장도 깔끔하네요! 한 갑씩 휴대하고 다니면서 먹으려고 했는데 다섯 갑이 개별포장 되어 있어서 한 갑씩 선물 주기도 좋겠더라고요. 
굼벵이가 들어간 꿀은 어떤 맛일지 궁금했는데 개봉해서 먹었는데 굼벵이 느낌없이 진짜 깊고 진한 꿀맛이 느껴지네요! 저는 하나씩 가지고 다니면서 먹으려고 했는데 진짜 꿀을 보니 꿀물이나 요거트 등에 타 먹어도 맛있겠어요~",배송도 빠르고 포장도 깔끔하네요 한 갑씩 휴대하고 다니면서 먹으려고 했는데 다섯 갑이 개별포장 되어 있어서 한 갑씩 선물 주기도 좋겠더라고요 굼벵이가 들어간 꿀은 어떤 맛일지 궁금했는데 개봉해서 먹었는데 굼벵이 느낌없이 진짜 깊고 진한 꿀맛이 느껴지네요 저는 하나씩 가지고 다니면서 먹으려고 했는데 진짜 꿀을 보니 꿀물이나 요거트 등에 타 먹어도 맛있겠어요,"['배송', '포장', '갑', '갑', '개별', '포장', '갑', '선물', '굼벵이', '꿀', '맛', '굼벵이', '느낌', '꿀맛', '저', '진짜', '꿀', '꿀물', '요거트', '등']","[('배송', 'NNG'), ('도', 'JX'), ('빠르', 'VA'), ('고', 'EC'), ('포장', 'NNG'), ('도', 'JX'), ('깔끔하', 'VA'), ('네', 'EF'), ('요', 'JX'), ('한', 'MMN'), ('갑', 'NNG'), ('씩', 'XSN'), ('휴대하', 'VV'), ('고', 'EC'), ('다니', 'VV'), ('면서', 'EC'), ('먹', 'VV'), ('으려고', 'EC'), ('하', 'VX'), ('았', 'EP'), ('는데', 'EC'), ('다섯', 'NR'), ('갑', 'NNG'), ('이', 'JKS'), ('개별', 'NNG'), ('포장', 'NNG'), ('되', 'VV'), ('어', 'EC'), ('있', 'VX'), ('어서', 'EC'), ('한', 'MMN'), ('갑', 'NNG'), ('씩', 'XSN'), ('선물', 'NNG'), ('주', 'VV'), ('기', 'ETN'), ('도', 'JX'), ('좋', 'VA'), ('겠', 'EP'), ('더라고', 'EF'), ('요', 'JX'), ('굼벵이', 'NNG'), ('가', 'JKS'), ('들어가', 'VV'), ('ㄴ', 'ETM'), ('꿀', 'NNG'), ('은', 'JX'), ('어떤', 'MMD'), ('맛', 'NNG'), ('이', 'VCP'), ('ㄹ지', 'EF'), ('궁금하', 'VA'), ('았', 'EP'), ('는데', 'EC'), ('개봉하', 'VV'), ('아서', 'EC'), ('먹', 'VV'), ('었', 'EP'), ('는데', 'EC'), ('굼벵이', 'NNG'), ('느낌', 'NNG'), ('없이', 'MAG'), ('진짜', 'MAG'), ('깊', 'VA'), ('고', 'EC'), ('진하', 'VA'), ('ㄴ', 'ETM'), ('꿀맛', 'NNG'), ('이', 'JKS'), ('느끼', 'VV'), ('어', 'EC'), ('지', 'VX'), ('네', 'EF'), ('요', 'JX'), ('저', 'NP'), ('는', 'JX'), ('하나', 'NR'), ('씩', 'XSN'), ('가지', 'VV'), ('고', 'EC'), ('다니', 'VV'), ('면서', 'EC'), ('먹', 'VV'), ('으려고', 'EC'), ('하', 'VX'), ('았', 'EP'), ('는데', 'EC'), ('진짜', 'NNG'), ('꿀', 'NNG'), ('을', 'JKO'), ('보', 'VV'), ('니', 'EC'), ('꿀물', 'NNG'), ('이나', 'JC'), ('요거트', 'NNG'), ('등', 'NNB'), ('에', 'JKB'), ('타', 'VV'), ('아', 'EC'), ('먹', 'VV'), ('어도', 'EC'), ('맛있', 'VA'), ('겠', 'EP'), ('어요', 'EF')]","['배송', '포장', '갑', '갑', '개별', '포장', '갑', '선물', '굼벵이', '꿀', '맛', '굼벵이', '느낌', '꿀맛', '진짜', '꿀', '꿀물', '요거트']",긍정,0.9956913590431213
55225,55225,55225,1105,굼FLEX 햄프씨드 먹은 굼벵이가 들어간 단백질 홍삼 스틱벌꿀 4종 꿀선물 굼플렉스 7g [원산지:국산(충청남도 예산군)],"4,000",5.0,yura****,5.0,22.03.05.,"굼FLEX 허니스틱: 오리지널 _ 5갑
",유통기한아주 넉넉해요포장꼼꼼해요편리편리해요,"예전부터 스트레스 받을 때마다 꿀을 먹었는데 이건 단백질도 포함되어 있대서 바꿨어요! 
배송도 빠르고 가격도 좋네요~ 꿀맛도 더 진해서 건강해지는 느낌이에요! 맛도 다양해서 다음 번에는 다른 맛도 구매해보려고요~
한 포씩 되어 있어서 휴대하기도 좋고 이지컷이라 깔끔하게 뜯어져서 먹기도 편해요~ 음식에 곁들여도 맛있으니 활용도도 좋아요!",예전부터 스트레스 받을 때마다 꿀을 먹었는데 이건 단백질도 포함되어 있대서 바꿨어요 배송도 빠르고 가격도 좋네요 꿀맛도 더 진해서 건강해지는 느낌이에요 맛도 다양해서 다음 번에는 다른 맛도 구매해보려고요한 포씩 되어 있어서 휴대하기도 좋고 이지컷이라 깔끔하게 뜯어져서 먹기도 편해요 음식에 곁들여도 맛있으니 활용도도 좋아요,"['예전', '스트레스', '때', '꿀', '이거', '단백질', '배송', '가격', '꿀맛', '느낌', '맛', '다음', '번', '맛', '포', '이지컷', '음식', '활용도']","[('예전', 'NNG'), ('부터', 'JX'), ('스트레스', 'NNG'), ('받', 'VV'), ('을', 'ETM'), ('때', 'NNG'), ('마다', 'JX'), ('꿀', 'NNG'), ('을', 'JKO'), ('먹', 'VV'), ('었', 'EP'), ('는데', 'EC'), ('이거', 'NP'), ('ㄴ', 'JX'), ('단백질', 'NNG'), ('도', 'JX'), ('포함되', 'VV'), ('어', 'EC'), ('있', 'VX'), ('대서', 'EC'), ('바꾸', 'VV'), ('었', 'EP'), ('어요', 'EF'), ('배송', 'NNG'), ('도', 'JX'), ('빠르', 'VA'), ('고', 'EC'), ('가격', 'NNG'), ('도', 'JX'), ('좋', 'VA'), ('네', 'EF'), ('요', 'JX'), ('꿀맛', 'NNG'), ('도', 'JX'), ('더', 'MAG'), ('진하', 'VA'), ('아서', 'EC'), ('건강하', 'VA'), ('아', 'EC'), ('지', 'VX'), ('는', 'ETM'), ('느낌', 'NNG'), ('이', 'VCP'), ('에요', 'EF'), ('맛', 'NNG'), ('도', 'JX'), ('다양하', 'VA'), ('아서', 'EC'), ('다음', 'NNG'), ('번', 'NNB'), ('에', 'JKB'), ('는', 'JX'), ('다른', 'MMD'), ('맛', 'NNG'), ('도', 'JX'), ('구매하', 'VV'), ('아', 'EC'), ('보', 'VX'), ('려고', 'EF'), ('요', 'JX'), ('하', 'VX'), ('ㄴ', 'ETM'), ('포', 'NNG'), ('씩', 'XSN'), ('되', 'VV'), ('어', 'EC'), ('있', 'VX'), ('어서', 'EC'), ('휴대하', 'VV'), ('기', 'ETN'), ('도', 'JX'), ('좋', 'VA'), ('고', 'EC'), ('이지컷', 'NNG'), ('이', 'VCP'), ('라', 'EC'), ('깔끔하', 'VA'), ('게', 'EC'), ('뜯', 'VV'), ('어', 'EC'), ('지', 'VX'), ('어서', 'EC'), ('먹', 'VV'), ('기', 'ETN'), ('도', 'JX'), ('편하', 'VA'), ('아요', 'EF'), ('음식', 'NNG'), ('에', 'JKB'), ('곁들이', 'VV'), ('어도', 'EC'), ('맛있', 'VA'), ('으니', 'EC'), ('활용도', 'NNG'), ('도', 'JX'), ('좋', 'VA'), ('아요', 'EF')]","['예전', '스트레스', '꿀', '단백질', '배송', '가격', '꿀맛', '느낌', '맛', '다음', '맛', '이지컷', '음식', '활용도']",긍정,0.9944928884506226
55226,55226,55226,1106,굼FLEX 햄프씨드 먹은 굼벵이가 들어간 단백질 홍삼 스틱벌꿀 4종 꿀선물 굼플렉스 7g [원산지:국산(충청남도 예산군)],"4,000",5.0,figl****,5.0,22.03.11.,"굼FLEX 허니스틱: 솔잎맛 _ 5갑
",유통기한아주 넉넉해요포장꼼꼼해요편리편리해요,커피먹던 습관 좀 고치려고 여기저기 기웃대다가 이 제품 사먹고 있습니다. 일단 꿀이 대부분이라 맛이 없으면 이상하겠죠?솔잎맛이라 박하향 처럼 상큼하게 너무 좋아요. 운전하면서 졸릴때 한잔 사무실에서 하나 이렇게 먹어요. 굼뱅이가 들어갔다고는 전혀 상상이 안되네요 ㅎㅎ,커피먹던 습관 좀 고치려고 여기저기 기웃대다가 이 제품 사먹고 있습니다 일단 꿀이 대부분이라 맛이 없으면 이상하겠죠솔잎맛이라 박하향 처럼 상큼하게 너무 좋아요 운전하면서 졸릴때 한잔 사무실에서 하나 이렇게 먹어요 굼뱅이가 들어갔다고는 전혀 상상이 안되네요 ㅎㅎ,"['커피', '습관', '여기저기', '제품', '꿀', '대', '부분', '맛', '솔잎', '맛', '박하향', '때', '한잔', '사무실', '굼뱅이', '상상', 'ㅎ', 'ㅎ']","[('커피', 'NNG'), ('먹', 'VV'), ('던', 'ETM'), ('습관', 'NNG'), ('좀', 'MAG'), ('고치', 'VV'), ('려고', 'EC'), ('여기저기', 'NNG'), ('기웃대', 'VV'), ('다가', 'EC'), ('이', 'MMD'), ('제품', 'NNG'), ('사', 'VV'), ('아', 'EC'), ('먹', 'VV'), ('고', 'EC'), ('있', 'VX'), ('습니다', 'EF'), ('일단', 'MAG'), ('꿀', 'NNG'), ('이', 'JKS'), ('대', 'NNG'), ('부분', 'NNG'), ('이', 'VCP'), ('라', 'EC'), ('맛', 'NNG'), ('이', 'JKS'), ('없', 'VA'), ('으면', 'EC'), ('이상하', 'VA'), ('겠', 'EP'), ('죠', 'EF'), ('솔잎', 'NNG'), ('맛', 'NNG'), ('이', 'VCP'), ('라', 'EC'), ('박하향', 'NNG'), ('처럼', 'JKB'), ('상큼하', 'VA'), ('게', 'EC'), ('너무', 'MAG'), ('좋', 'VA'), ('아요', 'EF'), ('운전하', 'VV'), ('면서', 'EC'), ('졸리', 'VV'), ('ㄹ', 'ETM'), ('때', 'NNG'), ('한잔', 'NNG'), ('사무실', 'NNG'), ('에서', 'JKB'), ('하나', 'NR'), ('이렇', 'VA'), ('게', 'EC'), ('먹', 'VV'), ('어요', 'EF'), ('굼뱅이', 'NNG'), ('가', 'JKS'), ('들어가', 'VV'), ('았', 'EP'), ('다고', 'EC'), ('는', 'JX'), ('전혀', 'MAG'), ('상상', 'NNG'), ('이', 'JKS'), ('안', 'MAG'), ('되', 'VV'), ('네', 'EF'), ('요', 'JX'), ('ㅎ', 'NNG'), ('ㅎ', 'NNG')]","['커피', '습관', '여기저기', '제품', '꿀', '대', '부분', '맛', '솔잎', '맛', '박하향', '한잔', '사무실', '굼뱅이', '상상']",긍정,0.9949808716773987
55227,55227,55227,1107,굼FLEX 햄프씨드 먹은 굼벵이가 들어간 단백질 홍삼 스틱벌꿀 4종 꿀선물 굼플렉스 7g [원산지:국산(충청남도 예산군)],"4,000",5.0,yoon*******,5.0,22.03.03.,"굼FLEX 허니스틱: 복숭아맛 _ 5갑
",유통기한아주 넉넉해요포장꼼꼼해요편리편리해요,"우앙 맛도 좋고 건강해지는 ㅎㅎ 이 기분
저같은경우에는 차처럼 먹는데 솔직히 그냥 먹어도 맛이 좋아용
근데 차로 오래 먹고 싶어서 이렇게 먹는데 너무 많은 물을 타면 밋밋해지니 종이컵 정도량이 좋더라구용 
포장도 일단 깔끔하고 
국산꿀이라 믿음이 확 가용 
그리고 담배갑 케이스 솔직히 좋네영 ㅎㅎ 휴대성도 휴대성이지만..
기발해요 ~ 꾸준히 먹으면서 영양분좀 섭취해야겠네영",우앙 맛도 좋고 건강해지는 ㅎㅎ 이 기분저같은경우에는 차처럼 먹는데 솔직히 그냥 먹어도 맛이 좋아용근데 차로 오래 먹고 싶어서 이렇게 먹는데 너무 많은 물을 타면 밋밋해지니 종이컵 정도량이 좋더라구용 포장도 일단 깔끔하고 국산꿀이라 믿음이 확 가용 그리고 담배갑 케이스 솔직히 좋네영 ㅎㅎ 휴대성도 휴대성이지만기발해요  꾸준히 먹으면서 영양분좀 섭취해야겠네영,"['우앙', '맛', 'ㅎ', 'ㅎ', '기분저', '경우', '차', '맛', '차', '물', '종이컵', '정도', '량', '포장', '국산', '꿀', '믿음', '가용', '담배갑', '케이스', '영', 'ㅎ', 'ㅎ', '휴대', '휴대', '영양분', '네영']","[('우앙', 'NNG'), ('맛', 'NNG'), ('도', 'JX'), ('좋', 'VA'), ('고', 'EC'), ('건강하', 'VA'), ('아', 'EC'), ('지', 'VX'), ('는', 'ETM'), ('ㅎ', 'NNG'), ('ㅎ', 'NNG'), ('이', 'MMD'), ('기분저', 'NNG'), ('같', 'VA'), ('은', 'ETM'), ('경우', 'NNG'), ('에', 'JKB'), ('는', 'JX'), ('차', 'NNG'), ('처럼', 'JKB'), ('먹', 'VV'), ('는데', 'EC'), ('솔직히', 'MAG'), ('그냥', 'MAG'), ('먹', 'VV'), ('어도', 'EC'), ('맛', 'NNG'), ('이', 'JKS'), ('좋', 'VA'), ('아', 'EC'), ('용', 'XSN'), ('근데', 'MAJ'), ('차', 'NNG'), ('로', 'JKB'), ('오래', 'MAG'), ('먹', 'VV'), ('고', 'EC'), ('싶', 'VX'), ('어서', 'EC'), ('이렇', 'VA'), ('게', 'EC'), ('먹', 'VV'), ('는데', 'EC'), ('너무', 'MAG'), ('많', 'VA'), ('은', 'ETM'), ('물', 'NNG'), ('을', 'JKO'), ('타', 'VV'), ('면', 'EC'), ('밋밋하', 'VA'), ('아', 'EC'), ('지', 'VX'), ('니', 'EC'), ('종이컵', 'NNG'), ('정도', 'NNG'), ('량', 'NNG'), ('이', 'JKS'), ('좋', 'VA'), ('더라구', 'EF'), ('용', 'XSN'), ('포장', 'NNG'), ('도', 'JX'), ('일단', 'MAG'), ('깔끔하', 'VA'), ('고', 'EC'), ('국산', 'NNG'), ('꿀', 'NNG'), ('이', 'VCP'), ('라', 'EC'), ('믿음', 'NNG'), ('이', 'JKS'), ('확', 'MAG'), ('가용', 'NNG'), ('그리고', 'MAJ'), ('담배갑', 'NNG'), ('케이스', 'NNG'), ('솔직히', 'MAG'), ('좋', 'VA'), ('네', 'EF'), ('영', 'NNG'), ('ㅎ', 'NNG'), ('ㅎ', 'NNG'), ('휴대', 'NNG'), ('성', 'XSN'), ('도', 'JX'), ('휴대', 'NNG'), ('성', 'XSN'), ('이', 'VCP'), ('지만', 'EC'), ('기발하', 'VA'), ('아요', 'EF'), ('꾸준히', 'MAG'), ('먹', 'VV'), ('으면서', 'EC'), ('영양분', 'NNG'), ('좀', 'MAG'), ('섭취하', 'VV'), ('아야', 'EC'), ('하', 'VX'), ('겠', 'EP'), ('네영', 'NNG')]","['우앙', '맛', '기분저', '경우', '차', '맛', '차', '물', '종이컵', '정도', '량', '포장', '국산', '꿀', '믿음', '가용', '담배갑', '케이스', '영', '휴대', '휴대', '영양분', '네영']",긍정,0.9950811862945557
55228,55228,55228,1108,굼FLEX 햄프씨드 먹은 굼벵이가 들어간 단백질 홍삼 스틱벌꿀 4종 꿀선물 굼플렉스 7g [원산지:국산(충청남도 예산군)],"4,000",5.0,refu********,5.0,22.03.07.,"굼FLEX 허니스틱: 복숭아맛 _ 5갑
",유통기한아주 넉넉해요포장꼼꼼해요편리편리해요,"집에서 먹으려고 구매했어요
복숭아맛이 가장 괜찮을것 같아서 구매했는데
그냥 먹어도 맛이 나쁘지않네요
홍삼 분말이 들어있어서 홍삼맛, 향이 좀 나는편인데
꿀이랑 복숭아로 중화시켜서 홍삼향이 강하진 않아요
술먹고나서 꿀물 타먹으면 좋을것 같아요",집에서 먹으려고 구매했어요복숭아맛이 가장 괜찮을것 같아서 구매했는데그냥 먹어도 맛이 나쁘지않네요홍삼 분말이 들어있어서 홍삼맛 향이 좀 나는편인데꿀이랑 복숭아로 중화시켜서 홍삼향이 강하진 않아요술먹고나서 꿀물 타먹으면 좋을것 같아요,"['집', '복숭아', '맛', '것', '맛', '홍삼', '분말', '홍삼', '맛', '향', '편', '꿀', '복숭아', '중화', '홍삼', '향', '강하진', '술', '꿀물', '것']","[('집', 'NNG'), ('에서', 'JKB'), ('먹', 'VV'), ('으려고', 'EC'), ('구매하', 'VV'), ('았', 'EP'), ('어요', 'EF'), ('복숭아', 'NNG'), ('맛', 'NNG'), ('이', 'JKS'), ('가장', 'MAG'), ('괜찮', 'VA'), ('을', 'ETM'), ('것', 'NNB'), ('같', 'VA'), ('아서', 'EC'), ('구매하', 'VV'), ('았', 'EP'), ('는데', 'EC'), ('그냥', 'MAG'), ('먹', 'VV'), ('어도', 'EC'), ('맛', 'NNG'), ('이', 'JKS'), ('나쁘', 'VA'), ('지', 'EC'), ('않', 'VX'), ('네', 'EF'), ('요', 'JX'), ('홍삼', 'NNG'), ('분말', 'NNG'), ('이', 'JKS'), ('들', 'VV'), ('어', 'EC'), ('있', 'VX'), ('어서', 'EC'), ('홍삼', 'NNG'), ('맛', 'NNG'), ('향', 'NNG'), ('이', 'JKS'), ('좀', 'MAG'), ('나', 'VV'), ('는', 'ETM'), ('편', 'NNB'), ('이', 'VCP'), ('ㄴ데', 'EC'), ('꿀', 'NNG'), ('이랑', 'JC'), ('복숭아', 'NNG'), ('로', 'JKB'), ('중화', 'NNG'), ('시키', 'XSV'), ('어서', 'EC'), ('홍삼', 'NNG'), ('향', 'NNG'), ('이', 'JKS'), ('강하진', 'NNP'), ('않', 'VX'), ('아요', 'EF'), ('술', 'NNG'), ('먹', 'VV'), ('고', 'EC'), ('나', 'VX'), ('아서', 'EC'), ('꿀물', 'NNG'), ('타', 'VV'), ('아', 'EC'), ('먹', 'VV'), ('으면', 'EC'), ('좋', 'VA'), ('을', 'ETM'), ('것', 'NNB'), ('같', 'VA'), ('아요', 'EF')]","['집', '복숭아', '맛', '맛', '홍삼', '분말', '홍삼', '맛', '향', '편', '꿀', '복숭아', '중화', '홍삼', '향', '강하진', '술', '꿀물']",긍정,0.9897069931030273
